id,name,pricing_price_1m_blended_3_to_1,pricing_price_1m_input_tokens,pricing_price_1m_output_tokens,eval_aime,eval_aime_25,eval_artificial_analysis_coding_index,eval_artificial_analysis_intelligence_index,eval_artificial_analysis_math_index,eval_gpqa,eval_hle,eval_ifbench,eval_lcr,eval_livecodebench,eval_math_500,eval_mmlu_pro,eval_scicode,eval_tau2,eval_terminalbench_hard
c99f3bde-7c08-4de8-bd5c-8ee9123ebffa,gpt-oss-120B (low),0.263,0.15,0.6,,0.667,15.5,24.5,66.7,0.672,0.052,0.583,0.437,0.707,,0.775,0.36,0.45,0.053
36f73aaf-d38a-4b56-a2b3-d04d17186910,gpt-oss-20B (high),0.094,0.06,0.2,,0.893,18.5,24.5,89.3,0.688,0.098,0.651,0.307,0.777,,0.748,0.344,0.602,0.106
f0083258-8646-45b8-8082-7aaf6c2ea82a,gpt-oss-120B (high),0.263,0.15,0.6,,0.934,28.6,33.3,93.4,0.782,0.185,0.69,0.507,0.878,,0.808,0.389,0.658,0.235
498862c3-f9ac-49d2-852f-16a02bb0c38f,GPT-5.2 (xhigh),4.813,1.75,14,,0.99,48.7,51.3,99,0.903,0.354,0.754,0.727,0.889,,0.874,0.521,0.848,0.47
16149b9c-a1e9-4669-a5cb-ff3c00d78f89,gpt-oss-20B (low),0.094,0.06,0.2,,0.623,14.4,20.8,62.3,0.611,0.051,0.578,0.31,0.652,,0.718,0.34,0.503,0.045
16c5b637-8bce-4252-81f2-1b87a36a4e4c,o3,3.5,2,8,0.903,0.883,38.4,38.4,88.3,0.827,0.2,0.714,0.693,0.808,0.992,0.853,0.41,0.807,0.371
a89c4b28-2d8c-456e-88ea-255fb51fd2b6,GPT-5.4 (xhigh),5.625,2.5,15,,,57.3,57,,0.92,0.416,0.739,0.74,,,,0.566,0.915,0.576
e18e5e6a-5a31-4c0b-b80b-ac401392f446,GPT-5 nano (high),0.138,0.05,0.4,,0.837,20.3,26.8,83.7,0.676,0.082,0.676,0.417,0.789,,0.78,0.366,0.365,0.121
4c111fbc-d13a-42b4-858c-1dc17fe3c1d1,Grok-1,0,0,0,,,,11.7,,,,,,,,,,,
6dd8ba55-5680-44a9-b309-82928165d5f0,GPT-5.2 (Non-reasoning),4.813,1.75,14,,0.51,34.7,33.6,51,0.712,0.073,0.474,0.38,0.669,,0.814,0.404,0.465,0.318
29855680-7469-43eb-8b88-cd3fb1d99da3,GPT-5 mini (high),0.688,0.25,2,,0.907,35.3,41.2,90.7,0.828,0.197,0.754,0.68,0.838,,0.837,0.392,0.684,0.333
84e3f11e-d659-4941-8988-1dbfabbaf538,GPT-5.2 (medium),4.813,1.75,14,,0.967,44.2,46.6,96.7,0.864,0.249,0.652,0.633,0.894,,0.859,0.462,0.743,0.432
019e86f6-e66b-42d8-8a50-235a06b53003,GPT-5.2 Codex (xhigh),4.813,1.75,14,,,43,49,,0.899,0.335,0.776,0.757,,,,0.546,0.921,0.371
5bb1f426-2d64-4d03-99fb-8041ee85c33b,GPT-5.4 Pro (xhigh),67.5,30,180,,,,,,,,,,,,,,,
fd4454ff-e703-46c0-a7f5-fa69af09486d,GPT-5.1 Codex mini (high),0.688,0.25,2,,0.917,36.4,38.6,91.7,0.813,0.169,0.679,0.627,0.836,,0.82,0.426,0.629,0.333
59b5b14b-5365-4ee7-824a-18a8e6309644,GPT-5.3 Codex (xhigh),4.813,1.75,14,,,53.1,54,,0.915,0.399,0.754,0.74,,,,0.532,0.909,0.53
976cc8ad-7904-4056-83c5-960181f47d5f,Llama 3.3 Instruct 70B,0.675,0.585,0.71,0.3,0.077,10.7,14.5,7.7,0.498,0.04,0.471,0.15,0.288,0.773,0.713,0.26,0.266,0.03
45c87531-2d57-48e0-8012-202cd636189e,Llama 3.1 Instruct 405B,4.375,3,10,0.213,0.03,14.5,17.4,3,0.515,0.042,0.39,0.243,0.305,0.703,0.732,0.299,0.19,0.068
9ca71ac4-41c8-42c0-87dd-5704a9e5b94d,Llama 3.2 Instruct 90B (Vision),0.72,0.72,0.72,0.05,,,11.9,,0.432,0.049,,,0.214,0.629,0.671,0.24,,
5fb47ff6-a30e-4c2c-96f2-55e95a13390f,Llama 3.2 Instruct 11B (Vision),0.16,0.16,0.16,0.093,0.017,4.3,8.7,1.7,0.221,0.052,0.304,0.117,0.11,0.516,0.464,0.112,0.146,0.008
adf9a85e-abc3-4f28-937b-db6655cc5238,Llama 4 Scout,0.292,0.175,0.66,0.283,0.14,6.7,13.5,14,0.587,0.043,0.395,0.258,0.299,0.844,0.752,0.17,0.155,0.015
922c69c7-9037-43c6-8bcf-a1c555e7f3eb,Llama 4 Maverick,0.475,0.27,0.85,0.39,0.193,15.6,18.4,19.3,0.671,0.048,0.43,0.46,0.397,0.889,0.809,0.331,0.178,0.068
2bfdd17a-e027-4068-a54e-b0e90a6df118,Gemma 3 27B Instruct,0,0,0,0.253,0.207,9.6,10.3,20.7,0.428,0.047,0.318,0.057,0.137,0.883,0.669,0.212,0.105,0.038
222fb320-6e55-4672-846a-b6d5a24a45f4,Gemma 3 4B Instruct,0,0,0,0.063,0.127,2.9,6.3,12.7,0.291,0.052,0.283,0.057,0.112,0.766,0.417,0.073,0.05,0.008
84922739-425f-46e1-87ac-bb4268dcacbb,Gemini 2.5 Flash-Lite Preview (Sep '25) (Reasoning),0.175,0.1,0.4,,0.687,18.1,21.6,68.7,0.709,0.066,0.526,0.59,0.688,,0.808,0.287,0.307,0.129
598190f8-dc9c-4fea-a7ea-4b81c402ab18,Gemini 3.1 Flash-Lite Preview,0.563,0.25,1.5,,,30.1,33.5,,0.822,0.162,0.772,0.653,,,,0.419,0.313,0.242
71f51ea9-94fe-4635-a80d-4cfffbb685f4,Gemini 2.5 Flash-Lite Preview (Sep '25) (Non-reasoning),0.175,0.1,0.4,,0.467,14.5,19.4,46.7,0.651,0.046,0.418,0.48,0.641,,0.796,0.285,0.304,0.076
d1720545-d0a8-4c15-a53e-ef5ca99ac7ea,Gemma 3 1B Instruct,0,0,0,0,0.033,0.2,5.5,3.3,0.237,0.052,0.199,0,0.017,0.484,0.135,0.007,0.105,0
783a0ea2-1eef-422a-8c3d-f6d40d943f54,Gemini 3 Flash Preview (Non-reasoning),1.125,0.5,3,,0.557,37.8,35,55.7,0.812,0.141,0.551,0.48,0.797,,0.882,0.499,0.433,0.318
2e6400f5-85ca-4ebc-ba8f-c2811a631138,Gemma 3 12B Instruct,0,0,0,0.22,0.183,6.3,8.8,18.3,0.349,0.048,0.367,0.067,0.137,0.853,0.595,0.174,0.108,0.008
a8c67863-9d66-44dd-8d27-f58654ecde03,Gemma 3n E2B Instruct,0,0,0,0.09,0.103,2.2,4.8,10.3,0.229,0.04,0.22,0,0.095,0.691,0.378,0.052,0,0.008
b2f3191f-77d6-4155-8be6-330f0baa1ae5,Gemini 3 Pro Preview (low),4.5,2,12,,0.867,39.4,41.3,86.7,0.887,0.276,0.497,0.673,0.857,,0.895,0.499,0.681,0.341
a797eaf3-6d75-4f29-86a8-e1243ce52d43,Gemma 3n E4B Instruct,0.025,0.02,0.04,0.137,0.143,4.2,6.4,14.3,0.296,0.044,0.279,0,0.146,0.771,0.488,0.081,0.05,0.023
bbd93ebe-80da-4594-bb19-61e69d0331df,Gemini 3.1 Pro Preview,4.5,2,12,,,55.5,57.2,,0.941,0.447,0.771,0.727,,,,0.589,0.956,0.538
04781a0e-40f0-4e2a-a4e5-18e389364a79,Gemma 3 270M,0,0,0,,0.023,0,7.7,2.3,0.224,0.042,0.121,0,0.003,,0.055,0,0.091,0
7c73c3be-7f51-4d14-bec8-d5789488df25,Gemini 3 Flash Preview (Reasoning),1.125,0.5,3,,0.97,42.6,46.4,97,0.898,0.347,0.78,0.663,0.908,,0.89,0.506,0.804,0.386
27202e5f-c82d-4710-92e9-4317877d4883,Gemini 2.5 Pro,3.438,1.25,10,0.887,0.877,31.9,34.6,87.7,0.844,0.211,0.487,0.66,0.801,0.967,0.862,0.428,0.541,0.265
a6340098-d7ae-462d-b372-0a0a67fc44b4,Claude 4.5 Haiku (Reasoning),2,1,5,,0.837,32.6,37.1,83.7,0.672,0.097,0.543,0.703,0.615,,0.76,0.433,0.547,0.273
df8d14e0-3997-4e4d-b4ad-9c047acc9c69,"Claude Sonnet 4.6 (Adaptive Reasoning, Max Effort)",6,3,15,,,50.9,51.7,,0.875,0.3,0.566,0.707,,,,0.468,0.757,0.53
53c98840-47af-49aa-94e6-469fb17e9a1b,"Claude Opus 4.6 (Adaptive Reasoning, Max Effort)",10,5,25,,,48.1,53,,0.896,0.367,0.531,0.707,,,,0.519,0.921,0.462
2e40e695-3cec-43da-83f9-615af30b8e91,"Claude Sonnet 4.6 (Non-reasoning, High Effort)",6,3,15,,,46.4,44.4,,0.799,0.132,0.412,0.577,,,,0.469,0.795,0.462
f2e21112-192e-4aed-ae82-68ca3b38e667,"Claude Sonnet 4.6 (Non-reasoning, Low Effort)",6,3,15,,,43,42.6,,0.797,0.108,0.424,0.587,,,,0.441,0.789,0.424
c2b1e769-7aee-4669-8076-73918bdebf6c,Claude 4.5 Haiku (Non-reasoning),2,1,5,,0.39,29.6,31.1,39,0.646,0.043,0.42,0.437,0.511,,0.8,0.344,0.325,0.273
4386585e-71b4-4a0c-8a63-afb333419cd6,"Claude Opus 4.6 (Non-reasoning, High Effort)",10,5,25,,,47.6,46.5,,0.84,0.186,0.446,0.583,,,,0.457,0.848,0.485
4928e950-7f37-4475-b0dc-c5bad781a321,Mistral Large 3,0.75,0.5,1.5,,0.38,22.7,22.8,38,0.68,0.041,0.362,0.347,0.465,,0.807,0.362,0.246,0.159
05a32e26-e609-4377-951b-8fa23d329926,Mistral Medium 3.1,0.8,0.4,2,,0.383,18.3,21.3,38.3,0.588,0.044,0.398,0.197,0.406,,0.683,0.338,0.406,0.106
713fae11-c75c-4f10-ae2c-8e4074cd58af,Ministral 3 14B,0.2,0.2,0.2,,0.3,10.9,16,30,0.572,0.046,0.32,0.22,0.351,,0.693,0.236,0.272,0.045
9741f3c2-cbb1-4a3f-99ee-7bd7384d9038,Ministral 3 8B,0.15,0.15,0.15,,0.317,10,14.8,31.7,0.471,0.043,0.291,0.24,0.303,,0.642,0.208,0.266,0.045
66f4ce73-9a9b-4b49-9c6e-bedb9bfdc720,Ministral 3 3B,0.1,0.1,0.1,,0.22,4.8,11.2,22,0.358,0.053,0.268,0.117,0.247,,0.524,0.144,0.249,0
70152cb0-fb36-4732-a925-89ef40994be1,Magistral Small 1.2,0.75,0.5,1.5,,0.803,14.8,18.2,80.3,0.663,0.061,0.444,0.163,0.723,,0.768,0.352,0.278,0.045
864da2a5-156c-45fd-873c-8923be91914f,Magistral Medium 1.2,2.75,2,5,,0.82,21.7,27.1,82,0.739,0.096,0.43,0.513,0.75,,0.815,0.392,0.52,0.129
09f43999-b67b-4c1b-b050-44df41ed7e62,Devstral 2,0,0,0,,0.367,23.7,22,36.7,0.594,0.036,0.381,0.3,0.448,,0.762,0.331,0.249,0.189
43da3718-3d6e-40dd-901a-05664179ff7f,Mistral Small 3.2,0.15,0.1,0.3,0.323,0.27,13.3,15.1,27,0.505,0.043,0.335,0.173,0.275,0.883,0.681,0.264,0.295,0.068
ce819310-af7c-49d3-9a02-6845111e1788,Devstral Small 2,0,0,0,,0.343,20.7,19.5,34.3,0.532,0.034,0.312,0.24,0.348,,0.678,0.288,0.234,0.167
4a845d7b-a52d-43bb-80b7-b58c7a0c155e,DeepSeek R1 Distill Llama 70B,0.875,0.7,1.05,0.67,0.537,11.4,16,53.7,0.402,0.061,0.276,0.11,0.266,0.935,0.795,0.312,0.219,0.015
6000145b-0e3d-4fef-a55f-bcaac84803b2,DeepSeek R1 0528 Qwen3 8B,0,0,0,0.65,0.637,7.8,16.4,63.7,0.612,0.056,0.199,0.13,0.513,0.932,0.739,0.204,0,0.015
d621247c-d47e-458c-82cb-a166bc3b37e5,DeepSeek V3.2 (Reasoning),0.315,0.28,0.42,,0.92,36.7,41.7,92,0.84,0.222,0.607,0.65,0.862,,0.862,0.389,0.906,0.356
6d9a176d-feb8-4dac-8872-afe32b31897f,DeepSeek V3.2 (Non-reasoning),0.315,0.28,0.42,,0.59,34.6,32.1,59,0.751,0.105,0.49,0.39,0.593,,0.837,0.387,0.789,0.326
527e943a-adc6-4e69-93af-d1608e1b5fed,DeepSeek V3.2 Speciale,0,0,0,,0.967,37.9,29.4,96.7,0.871,0.261,0.639,0.593,0.896,,0.863,0.44,0,0.348
a83f84b3-473a-4276-9ae1-8909da723159,DeepSeek R1 0528 (May '25),2.362,1.35,5.4,0.893,0.76,24,27.1,76,0.813,0.149,0.396,0.547,0.77,0.983,0.849,0.403,0.365,0.159
98e3230e-cee1-4c19-b9f8-b6b6a826ca93,R1 1776,0,0,0,,,,12,,,,,,,0.954,,,,
c76e0ae8-0fd2-45c0-a39d-d398fce9b128,Falcon-H1R-7B,0,0,0,,0.8,9.8,15.8,80,0.661,0.108,0.544,0.087,0.724,,0.725,0.249,0.278,0.023
ff9bc5e5-a02f-4270-983e-4b3f834f3363,Grok 3 mini Reasoning (high),0.35,0.3,0.5,0.933,0.847,25.2,32.1,84.7,0.791,0.111,0.459,0.503,0.696,0.992,0.828,0.406,0.904,0.174
a06bd3fc-86db-4a8e-ae6d-7459444d08c9,Grok Code Fast 1,0.525,0.2,1.5,,0.433,23.7,28.7,43.3,0.727,0.075,0.414,0.483,0.657,,0.793,0.362,0.757,0.174
523125f4-a1da-4990-9abd-dd08a069100e,Grok 4.20 Beta 0309 (Non-reasoning),3,2,6,,,25.4,29.7,,0.785,0.225,0.478,0.18,,,,0.322,0.696,0.22
04787c2b-0751-4269-8029-075b727d7aed,Grok 4.20 Beta 0309 (Reasoning),3,2,6,,,42.2,48.5,,0.885,0.3,0.829,0.59,,,,0.447,0.965,0.409
277d74aa-82dd-4bf3-bdcc-9b5f15108b00,Grok Voice Agent,0,0,0,,,,,,,,,,,,,,,
5ea94a4a-55ac-4ea1-8898-2b3971e94af6,Grok 4,6,3,15,0.943,0.927,40.5,41.5,92.7,0.877,0.239,0.537,0.68,0.819,0.99,0.866,0.457,0.749,0.379
23149f9b-c904-43e2-9ec4-afa2bf843941,Grok 4.1 Fast (Reasoning),0.275,0.2,0.5,,0.893,30.9,38.6,89.3,0.853,0.176,0.527,0.68,0.822,,0.854,0.442,0.933,0.242
49fd01f9-887d-4479-b8ce-771a81ecef4e,Grok 4.1 Fast (Non-reasoning),0.275,0.2,0.5,,0.343,19.5,23.6,34.3,0.637,0.05,0.365,0.22,0.399,,0.743,0.296,0.637,0.144
344c6718-c573-41d4-9556-10287a3fa1fc,Nova Micro,0.061,0.035,0.14,0.08,0.06,4.1,10.3,6,0.358,0.047,0.294,0.097,0.14,0.703,0.531,0.094,0.14,0.015
018c60e8-e908-431a-ba57-c840b1df3987,Nova 2.0 Omni (medium),0.85,0.3,2.5,,0.897,15.1,28,89.7,0.76,0.068,0.662,0.537,0.66,,0.809,0.362,0.804,0.045
fbdf8da1-b341-448c-b3cb-8aff1d8f70b9,Nova 2.0 Lite (medium),0.85,0.3,2.5,,0.887,23.9,29.7,88.7,0.768,0.086,0.685,0.583,0.663,,0.813,0.368,0.757,0.174
f4274721-ef28-4121-aa88-8e97267a5a82,Nova 2.0 Pro Preview (low),3.438,1.25,10,,0.633,24.5,31.9,63.3,0.751,0.052,0.796,0.617,0.638,,0.822,0.387,0.906,0.174
a20ae33a-46e1-41e6-81a0-fe8b00d2e538,Nova 2.0 Pro Preview (Non-reasoning),3.438,1.25,10,,0.307,20.5,23.1,30.7,0.636,0.04,0.52,0.283,0.473,,0.772,0.281,0.716,0.167
6fd796d3-f346-4f66-97df-5da81714fc73,Nova 2.0 Lite (low),0.85,0.3,2.5,,0.467,13.6,24.6,46.7,0.698,0.042,0.612,0.52,0.469,,0.788,0.333,0.719,0.038
0d94dc87-12c8-4d4a-8d99-804ce3f17bc2,Nova 2.0 Pro Preview (medium),3.438,1.25,10,,0.89,30.4,35.7,89,0.785,0.089,0.79,0.543,0.73,,0.83,0.427,0.927,0.242
1f6478c9-3e22-4586-adbe-841782859677,Nova 2.0 Omni (Non-reasoning),0.85,0.3,2.5,,0.37,13.8,16.6,37,0.555,0.039,0.411,0.223,0.305,,0.719,0.279,0.447,0.068
e58bbffd-fdc2-412a-b6d7-ca0e3f5d611a,Nova Premier,5,2.5,12.5,0.17,0.173,13.8,19,17.3,0.569,0.047,0.362,0.3,0.317,0.839,0.733,0.279,0.383,0.068
76bce7fb-3a3f-4b66-a78d-35ccf3edf5d2,Nova 2.0 Lite (Non-reasoning),0.85,0.3,2.5,,0.337,12.5,18,33.7,0.603,0.03,0.405,0.177,0.346,,0.743,0.24,0.62,0.068
b36ff8f3-0323-49d1-a063-ab09704fdb0c,Nova 2.0 Omni (low),0.85,0.3,2.5,,0.56,13.9,23.2,56,0.699,0.04,0.618,0.51,0.592,,0.798,0.343,0.678,0.038
ee708f92-374e-4123-b900-e22d7b2afc19,Phi-4,0.219,0.125,0.5,0.143,0.18,11.2,10.4,18,0.575,0.041,0.235,0,0.231,0.81,0.714,0.26,0,0.038
9f873c2f-2c2d-4ccb-9e1b-71bf61b052be,Phi-4 Mini Instruct,0,0,0,0.03,0.067,3.6,8.4,6.7,0.331,0.042,0.211,0.137,0.126,0.696,0.465,0.108,0.082,0
2cd04201-2b6e-47ef-853e-7601f705f2a8,Phi-4 Multimodal Instruct,0,0,0,0.093,,,10,,0.315,0.044,,,0.131,0.693,0.485,0.11,,
739e531a-eb0a-478f-bb67-5845b79ce65d,LFM2 2.6B,0,0,0,,0.083,1.4,8,8.3,0.306,0.052,0.195,0,0.081,,0.298,0.025,0.135,0.008
3c5289e5-1c62-434c-bc44-c51c39f640a1,LFM2.5-VL-1.6B,0,0,0,,,1,6.2,,0.289,0.051,0.331,0,,,,0.03,0.085,0
5a088cde-18e2-4dfa-98dd-d283e1c19654,LFM2.5-1.2B-Thinking,0,0,0,,,1.4,8.1,,0.339,0.061,0.418,0,,,,0.042,0.196,0
48194e0f-8226-4c57-8cb2-2a0fb68a84c9,LFM2.5-1.2B-Instruct,0,0,0,,,0.8,8,,0.326,0.068,0.438,0,,,,0.023,0.108,0
686ab020-ee58-4a70-a9ac-24d675a73506,LFM2 8B A1B,0,0,0,,0.253,2.3,7,25.3,0.344,0.049,0.263,0,0.151,,0.505,0.068,0.105,0
fbc58677-e324-4b45-a979-7fd8eec555cd,LFM2 24B A2B,0.052,0.03,0.12,,,3.6,10.5,,0.474,0.044,0.459,0,,,,0.109,0.111,0
44db6283-aa82-4799-af4a-679fe0530845,Solar Pro 2 (Non-reasoning),0,0,0,0.407,0.3,11.3,13.6,30,0.561,0.038,0.337,0,0.424,0.889,0.75,0.248,0.319,0.045
59a1bb20-9170-4dc2-ba9c-12d326cf068e,Solar Open 100B (Reasoning),0,0,0,,,10.5,21.7,,0.657,0.092,0.577,0.36,,,,0.269,0.482,0.023
eb689f7a-f210-4a87-b407-f249897f2764,Solar Pro 2 (Reasoning),0,0,0,0.69,0.613,12.1,14.9,61.3,0.687,0.07,0.371,0,0.616,0.967,0.805,0.302,0.281,0.03
12adec16-19fe-4d92-aeff-5ef3eb7e780a,MiniMax-M2.5,0.525,0.3,1.2,,,37.4,41.9,,0.848,0.191,0.716,0.66,,,,0.426,0.953,0.348
7393c56a-ec31-48e9-b804-c04f2d2cb641,Llama 3.1 Nemotron Instruct 70B,1.2,1.2,1.2,0.247,0.11,10.8,13.4,11,0.465,0.046,0.307,0.07,0.169,0.733,0.69,0.233,0.231,0.045
63872e9c-3377-4a6b-b477-7bba244c38e9,NVIDIA Nemotron 3 Super 120B A12B (Reasoning),0.412,0.3,0.8,,,31.2,36,,0.8,0.192,0.715,0.6,,,,0.36,0.678,0.288
ab7f016c-a29b-4710-bdf6-6a5cd96aacca,NVIDIA Nemotron Nano 12B v2 VL (Non-reasoning),0.3,0.2,0.6,,0.267,5.9,10.1,26.7,0.439,0.045,0.259,0.17,0.345,,0.649,0.176,0.193,0
76dcf6ef-39ea-4be0-b693-b88da25b4caf,NVIDIA Nemotron 3 Nano 30B A3B (Reasoning),0.105,0.06,0.24,,0.91,19,24.3,91,0.757,0.102,0.711,0.337,0.741,,0.794,0.296,0.409,0.136
c4c3b42f-e0f0-48ca-b6f9-b296e7697806,Llama 3.3 Nemotron Super 49B v1 (Non-reasoning),0,0,0,0.193,0.077,7.6,14.3,7.7,0.517,0.035,0.395,0.113,0.28,0.775,0.698,0.229,,0
2e8694f9-7782-47a6-a6ba-fdce89d939c8,NVIDIA Nemotron Nano 9B V2 (Non-reasoning),0.086,0.05,0.195,,0.623,7.5,13.2,62.3,0.557,0.04,0.271,0.227,0.701,,0.739,0.209,0.234,0.008
6e6e02fd-9cbd-417f-9bfc-673df89c313d,NVIDIA Nemotron Nano 12B v2 VL (Reasoning),0.3,0.2,0.6,,0.75,11.8,14.9,75,0.572,0.053,0.319,0.4,0.694,,0.759,0.262,0.213,0.045
b1fa84f8-1ed3-4124-b403-4655dafa4267,Llama 3.1 Nemotron Nano 4B v1.1 (Reasoning),0,0,0,0.707,0.5,,14.4,50,0.408,0.051,0.255,0,0.493,0.947,0.556,0.101,0.117,
cf095603-72b6-47f8-8ee1-09a42890f92a,Llama 3.1 Nemotron Ultra 253B v1 (Reasoning),0.9,0.6,1.8,0.747,0.637,13.1,15,63.7,0.728,0.081,0.382,0.073,0.641,0.952,0.825,0.347,0.114,0.023
23b379f7-18df-492a-9fc1-a56c5a5b9cfc,NVIDIA Nemotron 3 Nano 30B A3B (Non-reasoning),0.087,0.05,0.2,,0.133,15.8,13.2,13.3,0.399,0.046,0.375,0.067,0.36,,0.579,0.23,0.254,0.121
1a8ba535-df18-459b-ad40-3199191296d7,Llama 3.3 Nemotron Super 49B v1 (Reasoning),0,0,0,0.583,0.547,9.4,18.5,54.7,0.643,0.065,0.381,0.17,0.277,0.959,0.785,0.282,0.269,0
f1d52583-9d20-4099-99ac-b5df9430c3b6,NVIDIA Nemotron Nano 9B V2 (Reasoning),0.07,0.04,0.16,,0.697,8.3,14.8,69.7,0.57,0.046,0.276,0.21,0.724,,0.742,0.22,0.219,0.015
26c0b5df-efa7-470f-a65e-2d883329e493,Llama Nemotron Super 49B v1.5 (Non-reasoning),0.175,0.1,0.4,0.137,0.08,10.5,14.6,8,0.481,0.043,0.329,0.22,0.29,0.77,0.692,0.238,0.251,0.038
e1cfa926-9e2b-4a0d-8c31-48366a5041c5,Llama Nemotron Super 49B v1.5 (Reasoning),0.175,0.1,0.4,0.86,0.767,15.2,18.7,76.7,0.748,0.068,0.37,0.34,0.737,0.983,0.814,0.348,0.281,0.053
ba04694d-326a-4a6a-8f1b-46316f872a7f,Kimi K2.5 (Non-reasoning),1.2,0.6,3,,,25.8,37.3,,0.789,0.123,0.437,0.59,,,,0.396,0.813,0.189
a550ffca-f89e-4381-ade6-a85dc6a1fb4c,Kimi K2.5 (Reasoning),1.2,0.6,3,,,39.5,46.8,,0.879,0.294,0.702,0.653,,,,0.49,0.959,0.348
598de97d-029e-47b6-96ec-dbc1e0f9045a,Kimi Linear 48B A3B Instruct,0,0,0,,0.363,14.2,14.4,36.3,0.412,0.027,0.281,0.257,0.378,,0.585,0.199,0,0.114
acad0665-9457-4531-abd5-b59efd7a89ea,Step3 VL 10B,0,0,0,,,13.9,15.4,,0.69,0.102,0.502,0,,,,0.311,0.161,0.053
c8158c23-6fff-4c31-911d-954c32d80c28,Step 3.5 Flash,0.15,0.1,0.3,,,31.6,37.8,,0.831,0.191,0.646,0.43,,,,0.404,0.944,0.273
8f74a6ed-f82f-4a2f-a96b-4914993e47da,Olmo 3 7B Instruct,0.125,0.1,0.2,,0.413,3.4,8.2,41.3,0.4,0.058,0.328,0,0.266,,0.522,0.103,0.126,0
94a6d26e-a903-47f3-8323-ae422d237bb9,Olmo 3.1 32B Instruct,0.3,0.2,0.6,,,5.6,12.2,,0.539,0.049,0.392,0,,,,0.167,0.213,0
338216fb-62c2-48f1-898a-9166d12fb35e,Olmo 3 7B Think,0,0,0,,0.707,7.6,9.4,70.7,0.516,0.057,0.415,0,0.617,,0.655,0.212,0,0.008
af74f222-05c7-422d-a653-b9c0707c9c72,Molmo 7B-D,0,0,0,,0,1.2,9.2,0,0.24,0.051,0.197,0,0.039,,0.371,0.036,0,0
39b64e04-7a69-4aa2-9e2e-fe38c24681ec,Olmo 3.1 32B Think,0,0,0,,0.773,9.8,13.9,77.3,0.591,0.06,0.66,0,0.695,,0.763,0.293,0,0
3ef6db79-1dfa-4780-8c4b-affe2740d9ac,Molmo2-8B,0,0,0,,,4.4,7.3,,0.425,0.044,0.269,0,,,,0.133,0,0
1fc32894-1060-493b-af94-62bb1068555e,Granite 4.0 Micro,0,0,0,,0.06,5,7.7,6,0.336,0.051,0.248,0.04,0.18,,0.447,0.119,0.126,0.015
a68afa0b-7fe2-4e9d-bf3e-741cce3c6aeb,Granite 4.0 H 350M,0,0,0,,0.013,0.6,5.4,1.3,0.257,0.064,0.176,0,0.019,,0.127,0.017,0.146,0
5dba8d07-9992-483c-81db-dac97cb15ba8,Granite 4.0 H Small,0.107,0.06,0.25,,0.137,8.5,10.8,13.7,0.416,0.037,0.315,0.09,0.251,,0.624,0.209,0.173,0.023
a2c8e7b2-57bf-4d1e-96ea-7944d786d94d,Granite 4.0 1B,0,0,0,,0.063,2.9,7.3,6.3,0.281,0.051,0.205,0.04,0.047,,0.325,0.087,0.228,0
54c7f3fc-7078-442a-b472-e8691257a88c,Granite 4.0 350M,0,0,0,,0,0.3,6.1,0,0.261,0.057,0.159,0,0.024,,0.124,0.009,0.132,0
dafbb6d2-4825-43d1-a927-feedcfd2e998,Granite 4.0 H 1B,0,0,0,,0.063,2.7,8,6.3,0.263,0.05,0.262,0.063,0.115,,0.277,0.082,0.196,0
016d330a-2141-4afa-b2fc-62b314423dc1,Mercury 2,0.375,0.25,0.75,,,30.6,32.8,,0.77,0.155,0.698,0.363,,,,0.387,0.708,0.265
dbbcf240-a69e-4078-8f16-7c94c7a8c514,Reka Flash 3,0.35,0.2,0.8,0.51,0.337,8.9,9.5,33.7,0.529,0.051,0.304,0,0.435,0.893,0.669,0.267,0,0
a8efb564-9d17-4d7f-8f43-e9110657ce21,DeepHermes 3 - Mistral 24B Preview (Non-reasoning),0,0,0,0.047,,,10.9,,0.382,0.039,,,0.195,0.595,0.58,0.228,,
b7726745-9c77-40c3-8452-974cb53d6fbc,DeepHermes 3 - Llama-3.1 8B Preview (Non-reasoning),0,0,0,0,,,7.6,,0.27,0.043,,,0.085,0.218,0.365,0.091,,
d3968fd3-97d8-4693-8d26-19cefc6f5d5f,Hermes 4 - Llama-3.1 405B (Non-reasoning),1.5,1,3,,0.153,18.1,17.6,15.3,0.536,0.042,0.348,0.2,0.546,,0.729,0.346,0.266,0.098
6ba9e8eb-8124-436d-842f-dbe36df80c27,Hermes 4 - Llama-3.1 70B (Reasoning),0.198,0.13,0.4,,0.687,14.4,16,68.7,0.699,0.079,0.313,0.067,0.653,,0.811,0.341,0.225,0.045
82b207dd-d285-4a52-b2fc-2cbd27543899,Hermes 4 - Llama-3.1 405B (Reasoning),1.5,1,3,,0.697,16,18.6,69.7,0.727,0.103,0.327,0.207,0.686,,0.829,0.252,0.222,0.114
fe11ab6c-a4dd-4c28-9fef-07da76d5ed14,Llama 65B,0,0,0,,,,7.4,,,,,,,,,,,
235060f4-057d-4bd1-8b8e-4a92908c770e,Hermes 4 - Llama-3.1 70B (Non-reasoning),0.198,0.13,0.4,,0.113,9.2,12.6,11.3,0.491,0.036,0.29,0.02,0.269,,0.664,0.277,0.216,0
d734e2ce-5cf8-467f-8148-586d02671333,Exaone 4.0 1.2B (Reasoning),0,0,0,,0.503,3.1,8.3,50.3,0.515,0.058,0.23,0,0.516,,0.588,0.093,0.164,0
2f60d80d-c3d3-4a43-bded-0557898c4618,EXAONE 4.0 32B (Non-reasoning),0,0,0,0.47,0.393,9.4,11.7,39.3,0.628,0.049,0.335,0.08,0.472,0.939,0.768,0.252,0.041,0.015
715e05fb-1313-441c-bf1d-8651c752a841,K-EXAONE (Reasoning),0,0,0,,0.903,27,32.1,90.3,0.783,0.131,0.647,0.557,0.768,,0.838,0.356,0.743,0.227
9cc377dc-67ae-4042-bafc-0466b5f05089,K-EXAONE (Non-reasoning),0,0,0,,0.44,13.5,23.4,44,0.695,0.054,0.396,0.47,,,0.81,0.27,0.591,0.068
8273650d-40e5-45ee-aeda-df71de784164,Exaone 4.0 1.2B (Non-reasoning),0,0,0,,0.24,2.5,8.1,24,0.424,0.058,0.253,0,0.293,,0.5,0.074,0.205,0
44b19b51-5367-4ef9-a2ff-2f90b89a0867,EXAONE 4.0 32B (Reasoning),0,0,0,0.843,0.8,14,16.7,80,0.739,0.105,0.363,0.14,0.747,0.977,0.818,0.344,0.173,0.038
1479f50b-d37f-4b55-bb8b-4212a15042eb,MiMo-V2-Flash (Feb 2026),0.15,0.1,0.3,,,33.5,41.5,,0.835,0.2,0.718,0.643,,,,0.383,0.933,0.311
82b36b4d-84dd-4bc0-ad32-e3aee9442789,MiMo-V2-Flash (Non-reasoning),0.15,0.1,0.3,,0.677,25.8,30.4,67.7,0.656,0.08,0.399,0.313,0.402,,0.744,0.259,0.839,0.258
ae4fe623-80ab-4ea3-8921-70a18ea0fc7e,ERNIE 4.5 300B A47B,0.485,0.28,1.1,0.493,0.413,14.5,15,41.3,0.811,0.035,0.391,0.023,0.467,0.931,0.776,0.315,0,0.061
a518a64b-e337-48f3-85a1-ba7dc0e8f961,ERNIE 5.0 Thinking Preview,0,0,0,,0.85,29.2,29.1,85,0.777,0.127,0.414,0.067,0.812,,0.83,0.375,0.839,0.25
34ef2b5c-3df3-437e-b9c5-81346f8c14a8,Sarvam M (Reasoning),0,0,0,0.203,,7.5,8.4,,0.416,0.033,0.318,0,0.295,0.847,0.696,0.178,0,0.023
ea5d2c10-1051-437d-95c2-18d5e4d14ff3,Cogito v2.1 (Reasoning),1.25,1.25,1.25,,0.727,24.8,,72.7,0.768,0.11,0.463,0.217,0.688,,0.849,0.41,,0.167
fb112343-c82c-4b43-afea-996bd5101d62,KAT-Coder-Pro V1,0.525,0.3,1.2,,0.947,18.3,36,94.7,0.764,0.334,0.684,0.74,0.747,,0.813,0.366,0.886,0.091
369329e4-629f-425d-975a-e8980aec2965,INTELLECT-3,0,0,0,,0.88,19.1,22.2,88,0.761,0.121,0.34,0.323,0.777,,0.822,0.391,0.266,0.091
666eb13f-0d22-4438-8eb0-01876e1a8604,Motif-2-12.7B-Reasoning,0,0,0,,0.803,11.9,19.1,80.3,0.695,0.082,0.57,0.13,0.651,,0.796,0.282,0.465,0.038
5a49ef80-3af5-404b-8ac0-e1b230ae95de,K2 Think V2,0,0,0,,,15.5,24.1,,0.713,0.095,0.628,0.527,,,,0.33,0.254,0.068
a38d719a-709c-4983-b3e7-7090389ae9a6,K2-V2 (high),0,0,0,,0.783,16.1,20.6,78.3,0.681,0.098,0.601,0.333,0.694,,0.786,0.286,0.278,0.098
dae31abc-0587-44d0-ba53-f78e96b6e486,K2-V2 (low),0,0,0,,0.353,10.5,14.4,35.3,0.541,0.039,0.41,0.19,0.393,,0.713,0.223,0.208,0.045
dd738be7-2b69-4775-91a5-8851d3341c2d,K2-V2 (medium),0,0,0,,0.647,14,18.7,64.7,0.598,0.044,0.551,0.28,0.541,,0.761,0.252,0.249,0.083
df4c5a29-4b5c-4fef-9f7f-5e24e118ab65,Mi:dm K 2.5 Pro,0,0,0,,0.767,12.6,23.1,76.7,0.701,0.077,0.493,0.09,0.656,,0.809,0.332,0.865,0.023
e0099b99-d368-4562-b0de-4016ea58af54,Mi:dm K 2.5 Pro Preview,0,0,0,,0.787,11.9,,78.7,0.722,0.088,0.456,0.11,0.576,,0.813,0.297,0.494,0.03
339a92c1-8a42-417f-8d1f-cdbc605acd9e,HyperCLOVA X SEED Think (32B),0,0,0,,0.59,17.5,23.7,59,0.615,0.055,0.379,0.117,0.629,,0.785,0.284,0.874,0.121
6056731b-c705-455b-aa0d-43cbf29b1054,LongCat Flash Lite,0,0,0,,,16.5,23.9,,0.636,0.06,0.431,0.257,,,,0.284,0.795,0.106
5d891609-fe1c-4e8d-b9f0-5b0ff6d9f439,Tri-21B-Think,0,0,0,,,6.3,18.6,,0.601,0.061,0.546,0.11,,,,0.174,0.81,0.008
60cff809-05fb-4439-afe7-8b1476439f49,Tri-21B-think Preview,0,0,0,,,7.4,20,,0.538,0.057,0.471,0.147,,,,0.178,0.933,0.023
40663ad2-b218-471e-bdd4-a1e0c2360e2b,GLM-5 (Reasoning),1.55,1,3.2,,,44.2,49.8,,0.82,0.272,0.723,0.633,,,,0.462,0.982,0.432
43098bd0-77ca-408b-b698-9d60b1d1c3b8,GLM-4.6V (Non-reasoning),0.45,0.3,0.9,,0.263,11.1,17.1,26.3,0.566,0.037,0.279,0.123,0.411,,0.752,0.272,0.307,0.03
f164b41f-44c5-4675-bca3-fea1db4bd9ae,GLM-5 (Non-reasoning),1.55,1,3.2,,,39,40.6,,0.666,0.072,0.552,0.37,,,,0.383,0.974,0.394
d2d7dd95-770f-4cb0-9bbc-d275ac19c265,GLM-4.6V (Reasoning),0.45,0.3,0.9,,0.853,19.7,23.4,85.3,0.719,0.089,0.301,0.403,0.16,,0.799,0.304,0.316,0.144
2c4394a2-b443-470a-908e-5c4a271b780c,GLM-4.7-Flash (Reasoning),0.152,0.07,0.4,,,25.9,30.1,,0.581,0.071,0.608,0.35,,,,0.337,0.988,0.22
c43aa1f9-31bd-4a99-be70-84c5e6bd2e75,Qwen Chat 14B,0,0,0,,,,7.4,,,,,,,,,,,
c8673741-5e1a-46a1-9e4f-710a5c920982,GLM-4.7-Flash (Non-reasoning),0.152,0.07,0.4,,,11,22.1,,0.452,0.049,0.463,0.147,,,,0.255,0.918,0.038
81444bc8-72f9-4a2d-ad43-27e3f0d2f461,Tiny Aya Global,0,0,0,,,1.2,4.7,,0.305,0.052,0.201,0,,,,0.036,0,0
3bc32f13-5afa-4e28-bce1-10e57376686b,Command A,4.375,2.5,10,0.097,0.13,9.9,13.5,13,0.527,0.046,0.365,0.18,0.287,0.819,0.712,0.281,0.152,0.008
a71c1a35-ccc8-43f0-a5a2-070a690b9a00,Apriel-v1.6-15B-Thinker,0,0,0,,0.88,22,27.6,88,0.733,0.098,0.691,0.503,0.807,,0.79,0.373,0.693,0.144
f78138d6-2e04-4a84-919a-20d177cb6ff1,Jamba Reasoning 3B,0,0,0,,0.107,2.5,9.6,10.7,0.333,0.046,0.524,0.07,0.21,,0.577,0.059,0.158,0.008
78452c64-7303-4192-bca5-2d9ec5c623d4,Jamba 1.7 Large,3.5,2,8,0.057,0.023,7.8,10.9,2.3,0.39,0.038,0.352,0.173,0.181,0.6,0.577,0.188,0.135,0.023
b4f14013-37dd-4c75-bd8a-378365d9ed77,Jamba 1.7 Mini,0,0,0,0.013,0.003,3.1,8.1,0.3,0.322,0.045,0.314,0.127,0.061,0.258,0.388,0.093,0.126,0
021b1b31-d2fc-4653-ab74-c10bd2f41c8e,Qwen3.5 122B A10B (Non-reasoning),1.1,0.4,3.2,,,31.6,35.9,,0.827,0.148,0.508,0.56,,,,0.356,0.845,0.295
f5d83128-047f-496d-ba49-8a428abe8345,Qwen3 VL 4B Instruct,0,0,0,,0.37,4.5,9.6,37,0.371,0.037,0.318,0.13,0.29,,0.634,0.137,0.234,0
7ec1065a-c90e-41e4-bd17-abb7042eed76,Qwen3 30B A3B 2507 Instruct,0.35,0.2,0.8,0.727,0.663,14.2,15,66.3,0.659,0.068,0.331,0.227,0.515,0.975,0.777,0.304,0.102,0.061
5e0164b3-d902-4bcb-a1b2-83b4f4cd6143,Qwen3 30B A3B 2507 (Reasoning),0.75,0.2,2.4,0.907,0.563,14.7,22.4,56.3,0.707,0.098,0.507,0.59,0.707,0.976,0.805,0.333,0.281,0.053
c8a79180-7d16-4474-8701-9a77c0baa56a,Qwen3 Next 80B A3B (Reasoning),1.875,0.5,6,,0.843,19.5,26.7,84.3,0.759,0.117,0.607,0.603,0.784,,0.824,0.388,0.415,0.098
f6ccbe1d-bd7e-484b-9795-18cc9f91552d,Qwen3 235B A22B 2507 (Reasoning),2.625,0.7,8.4,0.94,0.91,23.2,29.5,91,0.79,0.15,0.512,0.67,0.788,0.984,0.843,0.424,0.532,0.136
0e66bae9-41f1-42fc-9276-ce8cb6f72919,Qwen3.5 397B A17B (Reasoning),1.35,0.6,3.6,,,41.3,45,,0.893,0.273,0.788,0.657,,,,0.42,0.956,0.409
30ef2a79-e800-4165-9f13-2a338f120db7,Qwen3.5 397B A17B (Non-reasoning),1.35,0.6,3.6,,,37.4,40.1,,0.861,0.188,0.516,0.58,,,,0.411,0.839,0.356
b0249961-b8b2-479d-8325-a29ea17c7b89,Qwen3 4B 2507 Instruct,0,0,0,,0.523,9.1,12.9,52.3,0.517,0.047,0.335,0.073,0.377,,0.672,0.181,0.266,0.045
2236df45-0699-40d1-b5cc-69ee345d2257,Qwen3.5 122B A10B (Reasoning),1.1,0.4,3.2,,,34.7,41.6,,0.857,0.234,0.757,0.667,,,,0.42,0.936,0.311
3cf875b8-b6b5-42c0-ad70-617d5be59d00,Qwen3 VL 8B Instruct,0.31,0.18,0.7,,0.273,7.3,14.3,27.3,0.427,0.029,0.323,0.153,0.332,,0.686,0.174,0.292,0.023
fc92f822-04b7-420d-9c07-a21af5e9aac7,Qwen3 Coder Next,0.6,0.35,1.2,,,22.9,28.3,,0.737,0.093,0.352,0.4,,,,0.323,0.795,0.182
4ae6c88d-9e4a-4850-89fe-18a1c04a66cc,Qwen3 0.6B (Reasoning),0.398,0.11,1.26,0.1,0.18,0.9,6.5,18,0.239,0.057,0.233,0,0.121,0.75,0.347,0.028,0.211,0
46d8315e-1630-463f-ab62-84185fa0faab,Qwen3.5 35B A3B (Reasoning),0.688,0.25,2,,,30.3,37.1,,0.845,0.197,0.725,0.627,,,,0.377,0.892,0.265
3373245b-e6dc-4b66-a7b0-3f06f9b7bd46,Qwen3 235B A22B 2507 Instruct,1.225,0.7,2.8,0.717,0.717,22.1,25,71.7,0.753,0.106,0.461,0.312,0.524,0.98,0.828,0.36,0.333,0.152
da9fe224-8af3-46d7-a8c4-6220779c3f35,Qwen3 Coder 30B A3B Instruct,0.9,0.45,2.25,0.297,0.29,19.4,20,29,0.516,0.04,0.327,0.29,0.403,0.893,0.706,0.278,0.345,0.152
509e94e3-f1cb-43fb-98ff-e0e9872cfd1f,Qwen3.5 27B (Non-reasoning),0.825,0.3,2.4,,,33.4,37.2,,0.842,0.132,0.469,0.557,,,,0.367,0.871,0.318
0e5f6140-1154-4583-a3e0-8c032a338892,Qwen3 0.6B (Non-reasoning),0.188,0.11,0.42,0.017,0.103,1.4,5.7,10.3,0.231,0.052,0.219,0,0.073,0.521,0.231,0.041,0.146,0
2698f6c6-e436-47ce-a583-dbc25596c571,Qwen3 Next 80B A3B Instruct,0.875,0.5,2,,0.663,15.3,20.1,66.3,0.738,0.073,0.397,0.513,0.684,,0.819,0.307,0.216,0.076
169e47f5-3d4d-4ad4-8f8b-ab46f0c73f67,Qwen3.5 27B (Reasoning),0.825,0.3,2.4,,,34.9,42.1,,0.858,0.222,0.756,0.673,,,,0.395,0.939,0.326
d370fcbf-c4a1-41a2-abc4-d204fcc3fcbf,Qwen3 VL 32B (Reasoning),2.625,0.7,8.4,,0.847,14.5,24.7,84.7,0.733,0.096,0.594,0.553,0.738,,0.818,0.285,0.456,0.076
f93d0750-b659-4ceb-a123-7e657904ef2b,Qwen3 VL 4B (Reasoning),0,0,0,,0.257,6.7,13.7,25.7,0.494,0.044,0.366,0.213,0.32,,0.7,0.171,0.155,0.015
6da314d3-a984-4734-8f31-47dd32fb4699,Qwen3 VL 32B Instruct,1.225,0.7,2.8,,0.683,15.6,17.2,68.3,0.671,0.063,0.392,0.313,0.514,,0.791,0.301,0.292,0.083
806032ff-6252-4c22-ba99-a126e411b7a4,Qwen3 Max Thinking,2.4,1.2,6,,,30.5,39.9,,0.861,0.262,0.707,0.66,,,,0.431,0.836,0.242
093883ed-f5fc-443b-8e18-afbfb166699e,Qwen3 Coder 480B A35B Instruct,3,1.5,7.5,0.477,0.393,24.6,24.8,39.3,0.618,0.044,0.405,0.423,0.585,0.942,0.788,0.359,0.436,0.189
cbac8c35-e069-4c73-823e-0953e6ed0e85,Qwen3 Max Thinking (Preview),2.4,1.2,6,,0.823,24.5,32.5,82.3,0.776,0.12,0.538,0.577,0.535,,0.824,0.387,0.836,0.174
5962d643-0a6f-4630-bb08-ab5720d80056,Qwen3 1.7B (Reasoning),0.398,0.11,1.26,0.51,0.387,1.4,8,38.7,0.356,0.048,0.269,0,0.308,0.894,0.57,0.043,0.26,0
2d28a13a-096e-475a-beb8-26bbd1c7d51c,Qwen3.5 9B (Reasoning),0.113,0.1,0.15,,,25.3,32.4,,0.806,0.133,0.667,0.59,,,,0.275,0.868,0.242
ce3d286e-093d-413d-a81a-0270309f039e,Qwen3 VL 30B A3B (Reasoning),0.75,0.2,2.4,,0.823,13.1,19.7,82.3,0.72,0.087,0.451,0.407,0.697,,0.807,0.288,0.199,0.053
20da3b31-fc0a-4359-abec-d59367bf1d9f,Qwen3.5 9B (Non-reasoning),0,0,0,,,21.4,27.3,,0.786,0.086,0.378,0.38,,,,0.277,0.851,0.182
a6ea7ec0-0aca-4442-98fb-4296c6d18b31,Qwen3.5 0.8B (Reasoning),0,0,0,,,0,10.5,,0.111,0.012,0.215,0.053,,,,0,0.477,0
651ef7ae-9a8f-477e-9c8e-460aa156ba02,Qwen3.5 4B (Reasoning),0,0,0,,,17.5,27.1,,0.771,0.078,0.52,0.557,,,,0.161,0.921,0.182
405e2235-0925-4634-a3c7-fbd5f6394bc0,Qwen3.5 0.8B (Non-reasoning),0,0,0,,,1,9.9,,0.236,0.049,0.216,0.067,,,,0.029,0.652,0
30c9ba61-d0a1-4794-938e-35865f379d15,Qwen3.5 4B (Non-reasoning),0,0,0,,,13.7,22.6,,0.712,0.075,0.333,0.283,,,,0.183,0.877,0.114
a803d3d0-d22e-49a0-ac2c-b9c6f1141065,Qwen3 VL 235B A22B (Reasoning),2.625,0.7,8.4,,0.883,20.9,27.6,88.3,0.772,0.101,0.565,0.587,0.646,,0.836,0.399,0.541,0.114
5d4acc80-7a88-4e84-bfe7-99071b84e6a4,Qwen3.5 2B (Reasoning),0,0,0,,,3.5,16.3,,0.456,0.021,0.315,0.237,,,,0.028,0.69,0.038
b97ef678-2d31-4375-9416-67ea97f87204,Qwen3 Omni 30B A3B (Reasoning),0.43,0.25,0.97,,0.74,12.7,15.6,74,0.726,0.073,0.434,0,0.679,,0.792,0.306,0.213,0.038
0b226b82-1462-4860-bf1a-f8aed7024791,Qwen3 Omni 30B A3B Instruct,0.43,0.25,0.97,,0.523,7.2,10.7,52.3,0.62,0.051,0.312,0,0.422,,0.725,0.186,0.164,0.015
d58cf573-1bd3-4d1f-9182-5482a460f570,Qwen3 VL 235B A22B Instruct,1.225,0.7,2.8,,0.707,16.5,20.8,70.7,0.712,0.063,0.427,0.317,0.594,,0.823,0.359,0.351,0.068
0985ada8-2ed8-404d-bd8b-7357666ce40f,Qwen3.5 2B (Non-reasoning),0,0,0,,,4.9,14.7,,0.438,0.049,0.291,0.137,,,,0.072,0.816,0.038
2bb84433-f38e-4edc-9b65-4d7b1f473db9,Qwen3 1.7B (Non-reasoning),0.188,0.11,0.42,0.097,0.073,2.3,6.8,7.3,0.283,0.052,0.211,0,0.126,0.717,0.411,0.069,0.216,0
51d0b717-953d-4b44-af61-406c6b7dff39,Qwen3 VL 30B A3B Instruct,0.35,0.2,0.8,,0.723,14.3,16.1,72.3,0.695,0.064,0.331,0.237,0.476,,0.764,0.308,0.19,0.061
2aacdc07-5f4e-4ab9-8ea5-5f7ab93f9eeb,Qwen3 4B 2507 (Reasoning),0,0,0,,0.827,9.5,18.2,82.7,0.667,0.059,0.498,0.377,0.641,,0.743,0.256,0.254,0.015
7ae943a9-9310-4472-a834-c61f0ab68485,Qwen3 Max,2.4,1.2,6,,0.807,26.4,31.4,80.7,0.764,0.111,0.441,0.467,0.767,,0.841,0.383,0.743,0.205
eebfef01-709e-4ffe-b72f-0db75ef2434b,Qwen3.5 35B A3B (Non-reasoning),0.688,0.25,2,,,16.8,30.7,,0.819,0.128,0.445,0.553,,,,0.293,0.863,0.106
dec8073c-57e2-41c0-b1aa-7a62960f103f,Qwen3 VL 8B (Reasoning),0.66,0.18,2.1,,0.307,9.8,16.7,30.7,0.579,0.033,0.399,0.31,0.353,,0.749,0.219,0.225,0.038
882a5da3-94ca-4602-8693-c45970df17e2,Ling-flash-2.0,0.247,0.14,0.57,,0.653,16.7,15.7,65.3,0.657,0.063,0.344,0.15,0.589,,0.777,0.289,0.208,0.106
47b7df55-5804-40de-ba11-317de786710a,Ring-flash-2.0,0.247,0.14,0.57,,0.837,10.6,14,83.7,0.725,0.089,0.433,0.21,0.628,,0.793,0.168,0,0.076
15b56b8e-7b93-4ed9-ac06-75c922e3b86e,Ling-1T,0,0,0,,0.713,18.8,19,71.3,0.719,0.072,0.348,0.347,0.677,,0.822,0.352,0.327,0.106
3d64bf83-232e-427e-8590-26b478bae4a8,Ling-mini-2.0,0,0,0,,0.493,5,9.2,49.3,0.562,0.05,0.236,0.067,0.429,,0.671,0.135,0.132,0.008
a29e66d6-1c3c-456a-8770-59ee3845b35d,Ring-1T,0,0,0,,0.893,16.8,22.8,89.3,0.774,0.102,0.446,0.457,0.643,,0.806,0.367,0.263,0.068
4d6dd5ce-08cb-4e87-9288-1dd2f022aa35,Doubao Seed Code,0,0,0,,0.793,31.3,33.5,79.3,0.764,0.133,0.514,0.653,0.766,,0.854,0.407,0.582,0.265
5ad2f60f-ee05-49fd-85a0-cef69aa7cb7b,o1,26.25,15,60,0.723,,20.5,30.8,,0.747,0.077,0.703,0.593,0.679,0.97,0.841,0.358,0.626,0.129
078f4dc8-5350-40a2-a5ea-e8359f795b70,o1-preview,28.875,16.5,66,,,34,23.7,,,,,,,0.924,,,,
b515503d-4d65-4a3f-8a4a-6c731e2b079f,o1-mini,0,0,0,0.603,,,20.4,,0.603,0.049,,,0.576,0.944,0.742,0.323,,
8c1be908-67b6-4cf4-ba08-83ddbe44fde3,GPT-4o (Aug '24),4.375,2.5,10,0.117,,16.6,18.6,,0.521,0.029,0.36,0.35,0.317,0.795,,0.331,0.289,0.083
e98e911e-9fb2-4a9a-826e-3d681d0cdca8,GPT-4o (May '24),7.5,5,15,0.11,,24.2,14.5,,0.526,0.028,,,0.334,0.791,0.74,0.309,,
76aa6af5-fdc6-4739-a300-983f14e74a67,GPT-4 Turbo,15,10,30,0.15,,21.5,13.7,,,0.033,,,0.291,0.737,0.694,0.319,,
c1045dc0-4fd3-4adb-9548-18763e0d051f,GPT-4o (Nov '24),4.375,2.5,10,0.15,0.06,16.7,17.3,6,0.543,0.033,0.343,0,0.309,0.759,0.748,0.333,0.251,0.083
b5c1c91a-7474-4409-9a9c-9c2ac45d9eb6,GPT-4o mini,0.263,0.15,0.6,0.117,0.147,,12.6,14.7,0.426,0.04,0.31,,0.234,0.789,0.648,0.229,,
037dec2f-51e8-4127-a1f1-85155dae7a1d,GPT-3.5 Turbo,0.75,0.5,1.5,,,10.7,9,,0.297,,,,,0.441,0.462,,,
8b1a70d1-e05f-426b-9122-023d4629ab47,GPT-3.5 Turbo (0613),0,0,0,,,,,,,,,,,,,,,
4dc12a38-b18f-4c43-8e1b-678f8434b5b1,GPT-5.1 (high),3.438,1.25,10,,0.94,44.7,47.7,94,0.873,0.265,0.729,0.75,0.868,,0.87,0.433,0.819,0.455
5e965af0-ca5c-4f47-9ba9-06000508b84a,GPT-5 (medium),3.438,1.25,10,0.917,0.917,39,42,91.7,0.842,0.235,0.706,0.728,0.703,0.991,0.867,0.411,0.865,0.379
eab1492c-b853-4852-aa71-06b0ec2481c1,GPT-5 (ChatGPT),3.438,1.25,10,,0.483,21.2,21.8,48.3,0.686,0.058,0.45,0.637,0.543,,0.82,0.378,0,0.129
7f3c9423-3ee3-4369-a6d9-3f2a40aff00e,GPT-5 (low),3.438,1.25,10,0.83,0.83,30.7,39.2,83,0.808,0.184,0.666,0.587,0.763,0.987,0.86,0.391,0.842,0.265
c3738fb0-3408-4430-a699-760ae4b70c93,GPT-5 (minimal),3.438,1.25,10,0.367,0.317,25.1,23.9,31.7,0.673,0.054,0.456,0.25,0.558,0.861,0.806,0.388,0.67,0.182
48e50f00-1fd1-4acc-b337-61078aa341e6,GPT-5 (high),3.438,1.25,10,0.957,0.943,36,44.6,94.3,0.854,0.265,0.731,0.756,0.846,0.994,0.871,0.429,0.848,0.326
bc26bfdb-4923-4442-a6ca-e77392923581,GPT-5 mini (minimal),0.688,0.25,2,,0.467,21.9,20.7,46.7,0.687,0.05,0.456,0.357,0.545,,0.775,0.369,0.319,0.144
ca04852c-eaae-4881-a208-f9b2ca3b7cd6,o3-pro,35,20,80,,,,40.7,,0.845,,,,,,,,,
5ce30d25-5353-45bb-bef9-6b87480ba3a2,GPT-4.5 (Preview),0,0,0,,,,20,,,,,,,,,,,
c3274a19-6d3c-4d01-ab9b-5055a0a40429,GPT-5 mini (medium),0.688,0.25,2,,0.85,32.9,38.9,85,0.803,0.146,0.712,0.66,0.692,,0.828,0.41,0.711,0.288
d0b3d47e-aec6-425e-9de7-168dcc6d1e28,GPT-5.1 (Non-reasoning),3.438,1.25,10,,0.38,27.3,27.4,38,0.643,0.052,0.432,0.44,0.494,,0.801,0.365,0.465,0.227
05e45a36-b5c6-47a1-8adb-9ddc19add5b3,GPT-5 nano (minimal),0.138,0.05,0.4,,0.273,14.2,13.8,27.3,0.428,0.041,0.325,0.2,0.47,,0.556,0.291,0.257,0.068
3b608b70-6434-4baa-99ad-45d499703c67,GPT-4.1,3.5,2,8,0.437,0.347,21.8,26.3,34.7,0.666,0.046,0.43,0.61,0.457,0.913,0.806,0.381,0.471,0.136
6a7c0e25-1dcb-4b15-8495-a8536a9da051,GPT-4,37.5,30,60,,,13.1,12.8,,,,,,,,,,,
72c358fd-7d45-4d68-89aa-699743710924,GPT-4.1 nano,0.175,0.1,0.4,0.237,0.24,11.2,13,24,0.512,0.039,0.32,0.17,0.326,0.848,0.657,0.259,0.173,0.038
9f7c7566-a704-49a2-a383-cb3181da33a4,GPT-4.1 mini,0.7,0.4,1.6,0.43,0.463,18.5,22.9,46.3,0.664,0.046,0.383,0.423,0.483,0.925,0.781,0.404,0.529,0.076
84b49308-6b93-47aa-a4f6-776ee1a1e8cd,o4-mini (high),1.925,1.1,4.4,0.94,0.907,25.6,33.1,90.7,0.784,0.175,0.687,0.55,0.859,0.989,0.832,0.465,0.556,0.152
575498d6-60ec-466b-9372-fea19911fd07,"GPT-4o (March 2025, chatgpt-4o-latest)",0,0,0,0.327,0.257,,18.6,25.7,0.655,0.05,,,0.425,0.893,0.803,0.366,,
2dad8957-4c16-4e74-bf2d-8b21514e0ae9,o3-mini,1.925,1.1,4.4,0.77,,17.9,25.9,,0.748,0.087,,,0.717,0.973,0.791,0.399,0.287,0.068
e2e9ddc3-8c2d-4bf5-a60a-83a1afe61034,GPT-4o Realtime (Dec '24),0,0,0,,,,,,,,,,,,,,,
076f2674-bc4b-4925-be59-50832eb8c090,o3-mini (high),1.925,1.1,4.4,0.86,,17.3,25.2,,0.773,0.123,0.671,0.393,0.734,0.985,0.802,0.398,0.313,0.061
04d023f3-025c-4d78-9571-53edda3eaf2a,GPT-5.1 Codex (high),3.438,1.25,10,,0.957,36.6,43.1,95.7,0.86,0.234,0.7,0.673,0.849,,0.86,0.402,0.83,0.348
b4784397-aa28-411b-b011-9c4331bfa9c8,GPT-4o (ChatGPT),0,0,0,0.103,,,14.1,,0.511,0.037,,0.53,,0.797,0.773,0.334,,
4343afb1-c928-44c9-92e2-68fa1195b6f5,GPT-4o mini Realtime (Dec '24),0,0,0,,,,,,,,,,,,,,,
8eb02396-f231-4189-ae15-05f7facebd9b,GPT-5 nano (medium),0.138,0.05,0.4,,0.783,22.9,25.9,78.3,0.67,0.076,0.659,0.4,0.763,,0.772,0.338,0.304,0.174
5d11e7a1-4f70-4e5a-9364-e193761d6757,GPT-5 Codex (high),3.438,1.25,10,,0.987,38.9,44.6,98.7,0.837,0.256,0.741,0.69,0.84,,0.865,0.409,0.868,0.379
e8d4100e-165b-4c5d-ac11-ac553590a334,o1-pro,262.5,150,600,,,,25.8,,,,,,,,,,,
466aecdb-3d96-4191-bc52-b3366db38851,Llama 3.1 Instruct 70B,0.56,0.56,0.56,0.173,0.04,10.9,12.5,4,0.409,0.046,0.344,0.063,0.232,0.649,0.676,0.267,0.152,0.03
739684ba-0f63-4e2a-b4ee-30741c9e9320,Llama 3.1 Instruct 8B,0.1,0.1,0.1,0.077,0.043,4.9,11.8,4.3,0.259,0.051,0.286,0.157,0.116,0.519,0.476,0.132,0.164,0.008
71e8d48c-1920-4f27-8ea9-1f10becc615a,Llama 3.2 Instruct 3B,0.085,0.085,0.085,0.067,0.033,,9.7,3.3,0.255,0.052,0.262,0.02,0.083,0.489,0.347,0.052,0.211,
aa83359a-d804-4f0b-b5bf-dc637711c26f,Llama 3 Instruct 70B,0.871,0.58,1.745,0,,6.8,8.9,,0.379,0.044,0.371,0,0.198,0.483,0.574,0.189,0,0.008
82879bb8-89fb-4adc-b519-315b8ef30b77,Llama 3 Instruct 8B,0.07,0.045,0.145,0,,4,6.4,,0.296,0.051,0.246,0,0.096,0.499,0.405,0.119,0,0
80f7860a-7665-4658-9f05-15bccf5f832f,Llama 3.2 Instruct 1B,0.1,0.1,0.1,0,0,0.6,6.3,0,0.196,0.053,0.228,0.05,0.019,0.14,0.2,0.017,0,0
6b08a75a-19ee-40b4-be33-133b8ef42f92,Llama 2 Chat 13B,0,0,0,0.017,,,8.4,,0.321,0.047,,,0.098,0.329,0.406,0.118,,
599da8e0-bd9c-4b38-a127-b50e371fbcf8,Llama 2 Chat 70B,0,0,0,0,,,8.4,,0.327,0.05,,,0.098,0.323,0.406,,,
ffd65ef7-fbdb-4145-98ae-b5d01cda770b,Llama 2 Chat 7B,0.1,0.05,0.25,0,,,9.7,,0.227,0.058,,,0.002,0.059,0.164,0,,
c6a47d8a-7517-46e2-8383-329fe7241725,Gemini 2.0 Pro Experimental (Feb '25),0,0,0,0.36,,25.5,18.1,,0.622,0.068,,,0.347,0.923,0.805,0.312,,
fddb72bd-60d3-41af-acc5-3df9a290eb8e,Gemini 2.0 Flash (experimental),0,0,0,0.3,,,16.8,,0.636,0.047,,,0.21,0.911,0.782,0.34,,
2ac96b67-f4f8-4c8c-ac08-c7510faa7bb9,Gemini 1.5 Pro (Sep '24),0,0,0,0.23,,23.6,16,,0.589,0.049,,,0.316,0.876,0.75,0.295,,
3de55b83-e02b-412e-8211-315bbebe3e94,Gemini 2.0 Flash-Lite (Preview),0,0,0,0.303,,,14.5,,0.542,0.044,,,0.179,0.873,,0.247,,
bcca0e70-7e80-4c07-b1fa-b33bcfb19e51,Gemini 2.0 Flash (Feb '25),0.263,0.15,0.6,0.33,0.217,13.6,18.5,21.7,0.623,0.053,0.402,0.283,0.334,0.93,0.779,0.333,0.295,0.038
41faf421-118b-465b-b170-d200776580d1,Gemini 1.5 Flash (Sep '24),0,0,0,0.18,,,13.8,,0.463,0.035,,,0.273,0.827,0.68,0.267,,
94229066-9381-4ee1-bf70-a16d63756a6e,Gemini 1.5 Flash-8B,0,0,0,0.033,,,11.1,,0.359,0.045,,,0.217,0.689,0.569,0.229,,
6afbfb62-27e4-435e-9c85-d9fe1b92519e,Gemini 2.5 Flash (Non-reasoning),0.85,0.3,2.5,0.5,0.603,17.8,20.6,60.3,0.683,0.051,0.39,0.459,0.495,0.932,0.809,0.291,0.149,0.121
d1122eff-ee85-4fdc-8a9f-23bee6590667,Gemini 3 Pro Preview (high),4.5,2,12,,0.957,46.5,48.4,95.7,0.908,0.372,0.704,0.707,0.917,,0.898,0.561,0.871,0.417
073b5329-c4b3-4f1f-8f97-4753aadf4398,Gemini 2.5 Pro Preview (May' 25),3.438,1.25,10,0.843,,,29.5,,0.822,0.154,,,0.77,0.986,0.837,0.416,,
0399e614-5d46-484f-9183-e4f32d74e1c6,Gemini 2.0 Flash Thinking Experimental (Jan '25),0,0,0,0.5,,24.1,19.6,,0.701,0.071,,,0.321,0.944,0.798,0.329,,
62de31e8-a1a3-429c-b634-a2afccfd9363,Gemini 2.5 Pro Preview (Mar' 25),0,0,0,0.87,,46.7,30.3,,0.836,0.171,,,0.778,0.98,0.858,0.395,,
55a3ebf6-6117-4cc1-8596-c6de6e552fd4,Gemini 2.5 Flash Preview (Non-reasoning),0,0,0,0.433,,,17.8,,0.594,0.05,,,0.406,0.926,0.783,0.233,,
877fdfc9-2026-477a-af96-e4fd602c0131,Gemini 2.5 Flash Preview (Sep '25) (Non-reasoning),0.85,0.3,2.5,,0.567,22.1,25.7,56.7,0.766,0.078,0.435,0.567,0.625,,0.836,0.375,0.284,0.144
8ddacd41-bf43-411b-aa30-43ebf0567dd8,Gemini 1.0 Pro,0,0,0,0.007,,,8.5,,0.277,0.046,,,0.116,0.403,0.431,0.117,,
68c89ebf-779c-4445-9241-de964cd17355,Gemini 2.5 Flash Preview (Reasoning),0,0,0,0.843,,,24.3,,0.698,0.116,,,0.505,0.981,0.8,0.359,,
bd2c3517-00d8-4ba5-a989-1f1e52f3ffab,Gemma 3n E4B Instruct Preview (May '25),0,0,0,0.107,,,10.1,,0.278,0.049,,,0.138,0.749,0.483,0.086,,
f4e8194a-d0e6-48eb-92be-4307de5aeeec,Gemini 2.5 Flash-Lite (Reasoning),0.175,0.1,0.4,0.703,0.533,9.5,17.6,53.3,0.625,0.064,0.499,0.513,0.593,0.969,0.759,0.193,0.184,0.045
1d81aa1c-64c8-442a-9c41-81b37e407b91,Gemini 2.5 Flash-Lite (Non-reasoning),0.175,0.1,0.4,0.5,0.353,7.4,12.7,35.3,0.474,0.037,0.315,0.313,0.4,0.926,0.724,0.177,0.19,0.023
c7667559-d9b6-43f1-8cd8-8bdbc78d190b,Gemini 2.5 Flash Preview (Sep '25) (Reasoning),0.85,0.3,2.5,,0.783,24.6,31.1,78.3,0.793,0.127,0.523,0.643,0.713,,0.842,0.405,0.456,0.167
219ed587-60c5-4a48-9517-8480e08d0ca1,Gemini 2.5 Flash (Reasoning),0.85,0.3,2.5,0.823,0.733,22.2,27,73.3,0.79,0.111,0.503,0.617,0.695,0.981,0.832,0.394,0.316,0.136
515852e7-ba9c-4571-8cf9-82ad6b45f22f,PALM-2,0,0,0,,,4.6,8.6,,,,,,,,,,,
16f2578b-1b28-4be3-b371-700c2677bcd6,Gemini 1.5 Pro (May '24),0,0,0,0.08,,19.8,12,,0.371,0.039,,,0.244,0.673,0.657,0.274,,
ac48c49d-9e77-4394-ac4e-d1ee51fd5fee,Gemini 1.5 Flash (May '24),0,0,0,0.093,,,10.5,,0.324,0.042,,,0.196,0.554,0.574,0.181,,
7b269763-ecc0-41ef-aa29-47ef632ac065,Gemini 2.0 Flash-Lite (Feb '25),0,0,0,0.277,,,14.7,,0.535,0.036,,,0.185,0.873,0.724,0.25,,
2ae624ca-25b4-4cc8-8970-cdfdd3320691,Gemini 1.0 Ultra,0,0,0,,,17.6,10.1,,,,,,,,,,,
dfeeb904-e784-4d5c-ad66-9400146b150b,Gemini 2.0 Flash Thinking Experimental (Dec '24),0,0,0,,,,12.3,,,,,,,0.48,,,,
0a603978-03b9-4f47-a273-2f7fd969be85,Claude 3.5 Sonnet (Oct '24),6,3,15,0.157,,30.2,15.9,,0.599,0.039,,,0.381,0.771,0.772,0.366,,
aca9c1ad-fc86-49f3-a312-b1e517ea100c,Claude 3.5 Sonnet (June '24),6,3,15,0.097,,26,14.2,,0.56,0.037,,,,0.695,0.751,0.316,,
7829427f-f0e3-4f6d-a228-5fbf70dacc02,Claude 3 Opus,30,15,75,0.033,,19.5,12.5,,0.489,0.031,,,0.279,0.641,0.696,0.233,,
033e4aa9-a556-4224-87b0-341ed1070257,Claude 3.5 Haiku,1.6,0.8,4,0.033,,10.7,18.7,,0.408,0.035,0.428,0.233,0.314,0.721,0.634,0.274,0.246,0.023
b2e68f0a-8f66-4e4c-9821-2b786cea601b,Claude 3 Sonnet,6,3,15,0.047,,,10.3,,0.4,0.038,,,0.175,0.414,0.579,0.229,,
1fc54cef-d179-48b1-a27d-046874e9b208,Claude 3 Haiku,0.5,0.25,1.25,0.01,,6.7,12.3,,0.374,0.039,0.361,0.21,0.154,0.394,,0.186,0.211,0.008
83cb898e-05d9-4e4b-9de3-2d305014d923,Claude Instant,0,0,0,0,,7.8,7.4,,0.33,0.038,,,0.109,0.264,0.434,,,
504412c2-2ada-499b-aebf-7e0a35c9d286,Claude 4 Opus (Non-reasoning),30,15,75,0.563,0.363,,22.2,36.3,0.701,0.059,0.433,0.36,0.542,0.941,0.86,0.409,,
4077490a-bbfb-404e-979a-a97a20e3b5de,Claude Opus 4.5 (Non-reasoning),10,5,25,,0.627,42.9,43.1,62.7,0.81,0.129,0.43,0.653,0.738,,0.889,0.47,0.863,0.409
ccbfa8c3-a762-480b-aade-34fb9697f98c,Claude 4.1 Opus (Reasoning),30,15,75,,0.803,36.5,31.9,80.3,0.809,0.119,0.554,0.663,0.654,,0.88,0.409,0.714,0.343
2660d74f-ce79-48a8-8b53-6e668e2071a2,Claude Opus 4.5 (Reasoning),10,5,25,,0.913,47.8,49.7,91.3,0.866,0.284,0.58,0.74,0.871,,0.895,0.495,0.895,0.47
d925845d-39ad-4de3-8495-f176b79828c0,Claude 3.7 Sonnet (Non-reasoning),6,3,15,0.223,0.21,26.7,30.8,21,0.656,0.048,0.44,0.483,0.394,0.85,0.803,0.376,0.5,0.212
a7564055-f8ba-4c4b-9e2d-060f61263645,Claude 4 Sonnet (Reasoning),6,3,15,0.773,0.743,34.1,38.7,74.3,0.777,0.096,0.547,0.647,0.655,0.991,0.842,0.4,0.646,0.311
13358187-4584-479c-ab43-5bcdf8f297a4,Claude 3.7 Sonnet (Reasoning),6,3,15,0.487,0.563,27.6,34.7,56.3,0.772,0.103,0.483,0.607,0.473,0.947,0.837,0.403,0.547,0.212
9e141c0d-fc82-4e07-bb2e-fe0003bc030b,Claude 2.1,0,0,0,0.033,,14,9.3,,0.319,0.042,,,0.195,0.374,0.495,0.184,,
90e078f2-051b-4c63-8919-76618971cb3f,Claude 4.5 Sonnet (Reasoning),6,3,15,,0.88,38.6,43,88,0.834,0.173,0.573,0.657,0.714,,0.875,0.447,0.781,0.356
f2f60e3a-e5f5-4471-acd2-9f2f29c76007,Claude 4.1 Opus (Non-reasoning),30,15,75,,,,23.6,,,,,,,,,,,
91cb6144-4937-4e4e-aeda-b4341d355c10,Claude 4.5 Sonnet (Non-reasoning),6,3,15,,0.37,33.5,37.1,37,0.727,0.071,0.427,0.513,0.59,,0.86,0.428,0.705,0.288
8a4a5ead-7789-4389-8400-30e9d20370b7,Claude 4 Opus (Reasoning),30,15,75,0.757,0.733,34,27.4,73.3,0.796,0.117,0.537,0.337,0.636,0.982,0.873,0.398,0.734,0.311
d034dafe-463d-4c50-956f-84fca657b26f,Claude 4 Sonnet (Non-reasoning),6,3,15,0.407,0.38,30.6,33,38,0.683,0.04,0.454,0.443,0.449,0.934,0.837,0.373,0.523,0.273
ddc748d0-6a9b-466b-8d6c-68417980d56d,Claude 2.0,0,0,0,0,,12.9,9.1,,0.344,,,,0.171,,0.486,0.194,,
50f92d5f-f413-4c97-8dab-331101622a28,Mistral Large 2 (Nov '24),3,2,6,0.11,0.14,13.8,15.1,14,0.486,0.04,0.312,0.053,0.293,0.736,0.697,0.292,0.307,0.061
1b05e346-e86a-4a20-8feb-7da8c65a99aa,Mistral Large 2 (Jul '24),3,2,6,0.093,0,,13,0,0.472,0.032,0.316,0.017,0.267,0.714,0.683,0.271,0.33,
de0beaf0-c951-487a-8eb4-3dd12e74122c,Pixtral Large,3,2,6,0.07,0.023,,14,2.3,0.505,0.036,0.345,0.103,0.261,0.714,0.701,0.292,0.365,
e5dd499f-c330-45ec-9ff0-a99209c82af7,Mistral Small 3,0.15,0.1,0.3,0.08,0.043,,12.7,4.3,0.462,0.041,0.264,0,0.252,0.715,0.652,0.236,0.196,
7c045ca0-b331-488d-af31-df0fd331dfd1,Mistral Small (Sep '24),0.3,0.2,0.6,0.063,,,10.2,,0.381,0.043,,,0.141,0.563,0.529,0.156,,
ca6c1412-f3c1-4391-9231-f83a702aa7af,Mixtral 8x22B Instruct,0,0,0,0,,,9.8,,0.332,0.041,,,0.148,0.545,0.537,0.188,,
35d602fc-b8b8-4698-9f4d-f2ce11ca50e4,Mistral Small (Feb '24),1.5,1,3,0.007,,,9,,0.302,0.044,,,0.111,0.562,0.419,0.134,,
5e4e4590-a77e-4b66-95f8-f3960a1a7c68,Mistral Large (Feb '24),6,4,12,0,,,9.9,,0.351,0.034,,,0.178,0.527,0.515,0.208,,
3edcb2ed-6981-4f88-a556-563f7f8f00aa,Mixtral 8x7B Instruct,0.54,0.54,0.6,0,,,7.7,,0.292,0.045,,,0.066,0.299,0.387,0.028,,
217b34ec-5920-4fc1-8886-6a70a324837d,Mistral 7B Instruct,0.25,0.25,0.25,0,,,7.4,,0.177,0.043,0.199,0,0.046,0.121,0.245,0.024,0,
24ac5b00-5f03-4c47-8e37-522d1195383e,Mistral Small 3.1,0.15,0.1,0.3,0.093,0.037,13.9,14.5,3.7,0.454,0.048,0.299,0.197,0.212,0.707,0.659,0.265,0.251,0.076
7a7b52f6-fdef-4dae-9203-58c710ccc81d,Mistral Saba,0,0,0,0.13,,,12.1,,0.424,0.041,,,,0.677,0.611,0.241,,
9eae4ec4-61b8-48bc-9843-3edd506ae933,Devstral Small (Jul '25),0.15,0.1,0.3,0.003,0.293,12.1,15.2,29.3,0.414,0.037,0.346,0.17,0.254,0.635,0.622,0.243,0.284,0.061
cc1fa238-1a76-486d-a997-22309275eadd,Devstral Small (May '25),0.075,0.06,0.12,0.067,,12.2,18,,0.434,0.04,0.316,0.267,0.258,0.684,0.632,0.245,0.38,0.061
0fec07d5-a9b2-407a-b5f8-5bf10bd86b59,Magistral Small 1,0,0,0,0.713,0.413,11.1,16.8,41.3,0.641,0.072,0.248,0,0.514,0.963,0.746,0.241,0.266,0.045
1f05af98-1ec6-4506-a0b8-57a8c9b63878,Mistral Medium,4.088,2.75,8.1,0.037,,,9,,0.349,0.034,,,0.099,0.405,0.491,0.118,,
59e22326-1bca-4432-a5fa-147fbe8854e7,Mistral Medium 3,0.8,0.4,2,0.44,0.303,13.6,18.8,30.3,0.578,0.043,0.393,0.28,0.4,0.907,0.76,0.331,0.243,0.038
660965b2-66d2-49ee-a6b9-79a6ac47d3c0,Magistral Medium 1,0,0,0,0.7,0.403,16,18.8,40.3,0.679,0.095,0.251,0,0.527,0.917,0.753,0.297,0.231,0.091
aba82268-2bb7-4a0f-80be-9b7722e2145b,Devstral Medium,0.8,0.4,2,0.067,0.047,15.9,18.7,4.7,0.492,0.038,0.299,0.287,0.337,0.707,0.708,0.294,0.199,0.091
df95f83f-5ebb-466a-9d2d-b95efc8c012c,DeepSeek R1 Distill Qwen 32B,0.27,0.27,0.27,0.687,0.63,,17.2,63,0.615,0.055,0.229,0.097,0.27,0.941,0.739,0.376,,
43fc5506-c5ed-4dee-9b85-962bf7ae3986,DeepSeek V3 (Dec '24),0.625,0.4,0.89,0.253,0.26,16.4,16.5,26,0.557,0.036,0.348,0.29,0.359,0.887,0.752,0.354,0.228,0.068
b26ff709-1773-4595-ae44-78e0a5bac29c,DeepSeek R1 Distill Qwen 14B,0,0,0,0.667,0.557,,15.8,55.7,0.484,0.044,0.221,0.07,0.376,0.949,0.74,0.239,,
bc4579d2-9c46-46c3-ace0-454039bf21bb,DeepSeek-V2.5 (Dec '24),0,0,0,,,,12.5,,,,,,,0.763,,,,
8f0a75d6-8d00-4c2e-bcd4-8e88a570a93c,DeepSeek-Coder-V2,0,0,0,,,,10.6,,,,,,,0.743,,,,
0e49fe2d-dd3c-4ae5-b56f-a1c89e14b89e,DeepSeek R1 Distill Llama 8B,0,0,0,0.333,0.413,,12.1,41.3,0.302,0.042,0.176,0,0.233,0.853,0.543,0.119,,
7764d514-694f-444c-8d60-bdc6e24e223f,DeepSeek LLM 67B Chat (V1),0,0,0,,,,8.4,,,,,,,,,,,
444cdb1e-bab8-42cd-938c-b2d7a93e2da1,DeepSeek R1 Distill Qwen 1.5B,0,0,0,0.177,0.22,,9.1,22,0.098,0.033,0.132,0.003,0.07,0.687,0.269,0.066,,
198b717f-42c8-4ab7-a699-ae9373d669d3,DeepSeek V3.1 (Reasoning),0.875,0.6,1.7,,0.897,29.7,27.7,89.7,0.779,0.13,0.415,0.533,0.784,,0.851,0.391,0.374,0.25
75e1c197-f239-4361-a9d6-66dccfead236,DeepSeek V3 0324,1.25,1.25,1.45,0.52,0.41,22,22.3,41,0.655,0.052,0.41,0.41,0.405,0.942,0.819,0.358,0.471,0.152
dfb9292d-bc7c-4425-a260-4256217e709f,DeepSeek V3.1 Terminus (Non-reasoning),0.626,0.335,1.5,,0.537,31.9,28.5,53.7,0.751,0.084,0.412,0.433,0.529,,0.836,0.321,0.371,0.318
0e34f05c-387e-4968-be15-ccec4a55d8c1,DeepSeek R1 (Jan '25),2.362,1.35,4,0.683,0.68,15.9,18.8,68,0.708,0.093,0.39,0.523,0.617,0.966,0.844,0.357,0.114,0.061
0a7dda4d-cc9c-4a90-abc1-abb5772c901b,DeepSeek V3.1 Terminus (Reasoning),0.8,0.4,2,,0.897,33.7,33.9,89.7,0.792,0.152,0.57,0.65,0.798,,0.851,0.406,0.371,0.303
fb65266f-5a7d-403c-85d5-ccdf0d1ca838,DeepSeek V3.1 (Non-reasoning),0.84,0.56,1.68,,0.497,28.4,28.1,49.7,0.735,0.063,0.378,0.45,0.577,,0.833,0.367,0.348,0.242
af134350-8ba3-4629-b56b-00bd6dcf60c4,DeepSeek V3.2 Exp (Reasoning),0.315,0.28,0.42,,0.877,33.3,32.9,87.7,0.797,0.138,0.541,0.69,0.789,,0.85,0.377,0.339,0.311
07c35e00-2b12-44c8-91cc-408629cd569e,DeepSeek V3.2 Exp (Non-reasoning),0.315,0.28,0.42,,0.577,30,28.4,57.7,0.738,0.086,0.431,0.43,0.554,,0.836,0.399,0.339,0.25
2d19c2d1-062d-436e-b2c2-3d3ecad34acc,DeepSeek-V2-Chat,0,0,0,,,,9.1,,,,,,,,,,,
c7327e6e-b27f-4b1b-859d-159a34e0ba1c,DeepSeek Coder V2 Lite Instruct,0,0,0,,,,8.5,,0.319,0.053,,,0.158,,0.429,0.139,,
8a24865b-90d9-4e2b-a2fd-6851c2e9d627,DeepSeek-V2.5,0,0,0,,,,12.3,,,,,,,,,,,
5ec4a0db-da66-4e46-9682-fceeed755ef8,Sonar,1,1,1,0.487,,,15.5,,0.471,0.073,,,0.295,0.817,0.689,0.229,,
3435db18-9227-45a5-8e79-9546b14b5aaa,Sonar Pro,6,3,15,0.29,,,15.2,,0.578,0.079,,,0.275,0.745,0.755,0.226,,
1edc272c-d799-44d6-909a-bf3c1909a3a0,Sonar Reasoning Pro,0,0,0,0.79,,,24.6,,,,,,,0.957,,,,
04751bd4-0c5d-416b-a5f2-83727c5bfcda,Sonar Reasoning,0,0,0,0.77,,,17.9,,0.623,,,,,0.921,,,,
a04f5b78-f397-4fd8-a2b1-00dcab50324c,Grok Beta,0,0,0,0.103,,,13.3,,0.471,0.047,,,0.241,0.737,0.703,0.295,,
573bbd93-114c-4b71-9ede-a73a7d4bdf84,Grok 4 Fast (Reasoning),0.275,0.2,0.5,,0.897,27.4,35.1,89.7,0.847,0.17,0.505,0.647,0.832,,0.85,0.442,0.658,0.189
2dbb6dc7-8c40-4b6d-af9c-cf805f83b79a,Grok 4 Fast (Non-reasoning),0.275,0.2,0.5,,0.413,19,23.1,41.3,0.606,0.05,0.377,0.2,0.401,,0.73,0.329,0.637,0.121
291a510a-dcc0-40df-8a80-b3aa31900a6c,Grok 2 (Dec '24),0,0,0,0.133,,,13.9,,0.51,0.038,,,0.267,0.778,0.709,0.285,,
2443ac9e-a3db-423d-accb-8963f6fb0a53,Grok 3,6,3,15,0.33,0.58,19.8,25.2,58,0.693,0.051,0.469,0.547,0.425,0.87,0.799,0.368,0.488,0.114
ec3b22e6-48ac-416a-b4ae-55565a4f3046,Grok 3 Reasoning Beta,0,0,0,,,,21.6,,,,,,,,,,,
ec60e57e-76d3-42e3-a0e3-80662225a639,OpenChat 3.5 (1210),0,0,0,0,,,8.3,,0.23,0.048,,,0.115,0.307,0.31,,,
546ec53f-273c-4af7-b13f-b88c41f45905,Nova Pro,1.4,0.8,3.2,0.107,0.07,11,13.5,7,0.499,0.034,0.381,0.19,0.233,0.786,0.691,0.208,0.14,0.061
5c3dd927-48a3-4f3c-8045-9b135f62dfbb,Nova Lite,0.105,0.06,0.24,0.107,0.07,5.1,12.7,7,0.433,0.046,0.341,0.177,0.167,0.765,0.59,0.139,0.175,0.008
ded8d96e-835f-4359-947a-a4c3bb78e983,Phi-3 Mini Instruct 3.8B,0,0,0,0.04,0.003,3,10.1,0.3,0.319,0.044,0.239,0.02,0.116,0.457,0.435,0.09,0,0
1299b9a8-af50-4742-a58b-24ff7eb48f9f,LFM 40B,0,0,0,0.023,,,8.8,,0.327,0.049,,,0.096,0.48,0.425,0.071,,
0faadeeb-320c-45cf-9c76-5f8768f342e6,LFM2 1.2B,0,0,0,,0.033,0.8,6.3,3.3,0.228,0.057,0.22,0,0.02,,0.257,0.025,0.126,0
d97713f2-afa6-4f8d-b2f3-ac89a24c4d6c,Solar Mini,0.15,0.15,0.15,,,,11.9,,,,,,,0.331,,,0.202,
432d6c36-8825-47f3-b4eb-58529cea346b,Solar Pro 2 (Preview) (Non-reasoning),0,0,0,0.297,,,16,,0.544,0.038,,,0.385,0.871,0.725,0.272,,
8e78cf7a-5b76-4beb-beba-b99c6233b208,Solar Pro 2 (Preview) (Reasoning),0,0,0,0.663,,,18.8,,0.578,0.057,,,0.462,0.9,0.768,0.164,,
1cb96708-f6c1-4668-9804-5db6ecac01ed,DBRX Instruct,0,0,0,0.03,,,8.3,,0.331,0.066,,,0.093,0.279,0.397,0.118,,
f74ea286-cd29-4eb4-af14-1389b19c21e5,MiniMax-M2,0.525,0.3,1.2,,0.783,29.2,36.1,78.3,0.777,0.125,0.723,0.61,0.826,,0.82,0.361,0.868,0.258
272ff333-442f-4169-a804-ac9177bc99d7,MiniMax-M2.1,0.525,0.3,1.2,,0.827,32.8,39.4,82.7,0.83,0.222,0.699,0.59,0.81,,0.875,0.407,0.854,0.288
9ca246a7-cf13-42c9-9182-5b5ad6b79026,MiniMax M1 80k,0.963,0.55,2.2,0.847,0.61,14.5,24.4,61,0.697,0.082,0.418,0.543,0.711,0.98,0.816,0.374,0.342,0.03
385376b1-9815-47dd-83cc-85aac34f247d,MiniMax M1 40k,0,0,0,0.813,0.137,14.1,20.9,13.7,0.682,0.075,0.412,0.517,0.657,0.972,0.808,0.378,0.316,0.023
66445f84-b2e3-4202-afdc-92ba0f0e5f36,Kimi K2 0905,1.137,0.8,2.25,,0.573,25.9,30.9,57.3,0.767,0.063,0.417,0.523,0.61,,0.819,0.307,0.734,0.235
441734a9-8901-4850-9bae-b474c370291f,Kimi K2,1.002,0.57,2.4,0.693,0.57,22.1,26.3,57,0.766,0.07,0.415,0.51,0.556,0.971,0.824,0.345,0.611,0.159
bddebfd3-0a8d-47f5-b722-bc4c2ca5a5dc,Kimi K2 Thinking,1.075,0.6,2.5,,0.947,34.8,40.9,94.7,0.838,0.223,0.681,0.663,0.853,,0.848,0.424,0.93,0.311
f73f4711-9c61-40a7-a258-b71c14727f53,Llama 3.1 Tulu3 405B,0,0,0,0.133,,,14.1,,0.516,0.035,,,0.291,0.778,0.716,0.302,,
c8a3fa87-735e-49a9-afb1-270c5e9f53f7,Olmo 3 32B Think,0,0,0,,0.737,10.5,12.1,73.7,0.61,0.059,0.491,0,0.672,,0.759,0.286,0,0.015
54442579-2a4d-40cc-b264-bc4ff29e311a,OLMo 2 32B,0,0,0,,0.033,2.7,10.6,3.3,0.328,0.037,0.381,0,0.068,,0.511,0.08,0,0
f818a7bb-6f23-4b24-8d52-6b9c1a5ca628,OLMo 2 7B,0,0,0,,0.007,1.2,9.3,0.7,0.288,0.055,0.244,0,0.041,,0.282,0.037,0,0
2cff73da-4855-403c-afc9-5540feadcc15,Granite 3.3 8B (Non-reasoning),0.085,0.03,0.25,0.047,0.067,3.4,7,6.7,0.338,0.042,0.224,0.043,0.127,0.665,0.468,0.101,0.105,0
a971b0c0-4c0f-484a-b018-e36b5be3409e,Reka Flash (Sep '24),0.35,0.2,0.8,,,,12,,,,,,,0.529,,,,
1dcea4f7-7e8b-49f8-abe2-5860ff9f349e,Hermes 3 - Llama-3.1 70B,0.3,0.3,0.3,0.023,,,10.6,,0.401,0.041,,,0.188,0.538,0.571,0.231,,
be185709-ddb4-4268-9597-856464359b25,MiMo-V2-Flash (Reasoning),0.15,0.1,0.3,,0.963,31.8,39.2,96.3,0.846,0.211,0.642,0.63,0.868,,0.843,0.394,0.95,0.28
5d303dc9-c027-401f-9803-4e9aa3331007,GLM-4.5-Air,0.425,0.2,1.1,0.673,0.807,23.8,23.2,80.7,0.733,0.068,0.376,0.437,0.684,0.965,0.815,0.306,0.465,0.205
1cf439b8-0cfd-47b2-9de2-9a2157e6762b,GLM-4.5 (Reasoning),0.843,0.49,1.9,0.873,0.737,26.3,26.4,73.7,0.782,0.122,0.441,0.483,0.738,0.979,0.835,0.348,0.43,0.22
6a5d56e1-bb68-4205-8d9b-26b97888bc84,GLM-4.6 (Reasoning),0.981,0.575,2.2,,0.86,29.5,32.5,86,0.78,0.133,0.434,0.543,0.695,,0.829,0.384,0.705,0.25
6fc35842-0165-44cf-8570-c484a92b3d8c,GLM-4.7 (Reasoning),1,0.6,2.2,,0.95,36.3,42.1,95,0.859,0.251,0.679,0.64,0.894,,0.856,0.451,0.959,0.318
81b6ddfc-111e-4422-bd44-42ee6165b699,GLM-4.7 (Non-reasoning),0.938,0.55,2.15,,0.48,32,34.2,48,0.664,0.061,0.546,0.363,0.562,,0.794,0.354,0.942,0.303
3068def4-7270-4c06-a320-6f6a5623d564,GLM-4.5V (Reasoning),0.9,0.6,1.8,,0.73,10.9,15.1,73,0.684,0.059,0.342,0,0.604,,0.788,0.221,0.225,0.053
946e7aab-db1c-4c3f-b0b3-7720d0cff187,GLM-4.6 (Non-reasoning),1,0.6,2.2,,0.443,30.2,30.2,44.3,0.632,0.052,0.367,0.263,0.561,,0.784,0.331,0.769,0.288
0081ab31-d10a-44a0-a10d-eee5533fec65,GLM-4.5V (Non-reasoning),0.9,0.6,1.8,,0.153,10.8,12.7,15.3,0.573,0.036,0.286,0,0.352,,0.751,0.188,0.196,0.068
76361085-f5dc-49ec-b069-fe56ca885933,Command-R+ (Apr '24),6,3,15,0.007,,,8.3,,0.323,0.045,,,0.122,0.279,0.432,0.118,,
abe9f0c7-f4f6-430d-ba42-f45afdd4841b,Command-R (Mar '24),0.75,0.5,1.5,0.007,,,7.4,,0.284,0.048,,,0.048,0.164,0.338,0.062,,
ac1031bc-c53e-4af7-9c6e-2005e0ff44fa,Apriel-v1.5-15B-Thinker,0,0,0,,0.875,18.7,28.3,87.5,0.713,0.12,0.617,0.2,0.728,,0.773,0.348,0.684,0.106
540ebc58-a2d8-4dc9-ba6b-973efa52fab1,Jamba 1.5 Mini,0.25,0.2,0.4,0.01,,,8,,0.302,0.051,,,0.062,0.357,0.371,0.08,,
b4ddb4c8-1400-44ab-8c2b-e2472088e7ff,Jamba 1.5 Large,3.5,2,8,0.047,,,10.7,,0.427,0.04,,,0.143,0.606,0.572,0.163,,
e8ffd75b-766f-4551-8c52-6e54706220eb,Jamba 1.6 Mini,0.25,0.2,0.4,0.033,,,7.9,,0.3,0.046,,,0.071,0.257,0.367,0.101,,
92b19c88-fa87-4595-957e-fe9aa5fa5ad4,Jamba 1.6 Large,3.5,2,8,0.047,,,10.6,,0.387,0.04,,,0.172,0.58,0.565,0.184,,
b3735511-c6ff-4928-8d72-2181444a4eb3,Arctic Instruct,0,0,0,,,,8.8,,,,,,,,,,,
b9dc72c6-7bea-4936-a55a-4b0c835fc755,Qwen2.5 Max,2.8,1.6,6.4,0.233,,,16.3,,0.587,0.045,,,0.359,0.835,0.762,0.337,,
b4f7d7a4-869a-4ee7-b17a-4046cd1e79fd,Qwen2.5 Instruct 72B,0,0,0,0.16,0.14,11.9,15.6,14,0.491,0.042,0.369,0.203,0.276,0.858,0.72,0.267,0.345,0.045
04586102-6a28-48f8-a82e-85775d7ed779,Qwen2.5 Coder Instruct 32B,0,0,0,0.12,,,12.9,,0.417,0.038,,,0.295,0.767,0.635,0.271,,
352f834f-a03c-4117-8a29-c3ccd8a568ce,Qwen2.5 Turbo,0.087,0.05,0.2,0.12,,,12,,0.41,0.042,,,0.163,0.805,0.633,0.153,,
7656c62b-5345-435b-bf12-b6ce2ca0d58d,Qwen2 Instruct 72B,0,0,0,0.147,,,11.7,,0.371,0.037,,,0.159,0.701,0.622,0.229,,
191a2097-cce3-49cf-881e-0c790892059f,Qwen3 4B (Reasoning),0.398,0.11,1.26,0.657,0.223,,14.2,22.3,0.522,0.051,0.325,0,0.465,0.933,0.696,0.035,0.19,
4559e9f0-8aad-4681-89fb-68cb915e0f16,Qwen3 14B (Reasoning),1.313,0.35,4.2,0.763,0.557,13.1,16.2,55.7,0.604,0.043,0.405,0,0.523,0.961,0.774,0.316,0.345,0.038
ceb4d610-d0a4-48c1-bea0-80ed76f1e5ca,QwQ 32B,0.745,0.66,1,0.78,0.29,,19.7,29,0.593,0.082,0.388,0.25,0.631,0.957,0.764,0.358,,
bf60740e-6aa5-422f-ba49-ef6e9d171205,Qwen3 32B (Non-reasoning),1.225,0.7,2.8,0.303,0.197,,14.5,19.7,0.535,0.043,0.315,0,0.288,0.869,0.727,0.28,,
bbe6d782-e630-48d5-b11c-3ce37f373f1e,Qwen3 235B A22B (Reasoning),2.625,0.7,8.4,0.84,0.82,17.4,19.8,82,0.7,0.117,0.387,0,0.622,0.93,0.828,0.399,0.24,0.061
9dba61f5-78ee-4190-8d1d-8e7063ffd386,Qwen3 8B (Reasoning),0.66,0.18,2.1,0.747,0.19,9,13.2,19,0.589,0.042,0.335,0,0.406,0.904,0.743,0.226,0.278,0.023
ecc6524a-d521-458a-8327-5009e8ce6549,Qwen3 14B (Non-reasoning),0.613,0.35,1.4,0.28,0.58,12.4,12.8,58,0.47,0.042,0.239,0,0.28,0.871,0.675,0.265,0.322,0.053
b00ecd62-a53f-4aed-b833-3e9d6b0170ba,Qwen3 32B (Reasoning),2.625,0.7,8.4,0.807,0.73,13.8,16.5,73,0.668,0.083,0.363,0,0.546,0.961,0.798,0.354,0.298,0.03
8823351e-8232-4c9c-8a1d-cd2c1d2c1196,QwQ 32B-Preview,0.135,0.12,0.18,0.453,,,15.2,,0.557,0.048,,,0.337,0.91,0.648,0.038,,
e46198a7-cd29-4afd-933d-cdf180f0f305,Qwen3 4B (Non-reasoning),0.188,0.11,0.42,0.213,,,12.5,,0.398,0.037,,,0.233,0.843,0.586,0.167,,
1d0db5a3-3132-4213-a94b-c2e395d08283,Qwen2.5 Instruct 32B,0,0,0,0.11,,,13.2,,0.466,0.038,,,0.248,0.805,0.697,0.229,,
5b2beb12-81a9-47a1-8a2a-d0a727185b50,Qwen3 Max (Preview),2.4,1.2,6,,0.75,25.5,26.1,75,0.764,0.093,0.48,0.397,0.651,,0.838,0.37,0.327,0.197
d1768b3a-0a21-4e08-b3f6-56a9ab6cfbf3,Qwen1.5 Chat 110B,0,0,0,,,,9.5,,0.289,,,,,,,,,
f3169f25-8c6f-48e4-ae87-0cf872dc0ec1,Qwen3 30B A3B (Non-reasoning),0.35,0.2,0.8,0.26,0.217,13.3,12.5,21.7,0.515,0.046,0.319,0,0.322,0.863,0.71,0.264,0.222,0.068
43573c57-2403-46fb-af4b-a93de9a0c3f5,Qwen3 235B A22B (Non-reasoning),1.225,0.7,2.8,0.327,0.237,14,17,23.7,0.613,0.047,0.366,0,0.343,0.902,0.762,0.299,0.272,0.061
3e6cf518-a1f4-42d3-8fcf-827c9bd8e6d5,Qwen3 30B A3B (Reasoning),0.75,0.2,2.4,0.753,0.723,11,15.3,72.3,0.616,0.066,0.415,0,0.506,0.959,0.777,0.285,0.26,0.023
b2dd592a-fbc5-458a-b26d-f3964cbab82f,Qwen3 8B (Non-reasoning),0.31,0.18,0.7,0.243,0.243,7.1,10.6,24.3,0.452,0.028,0.286,0,0.202,0.828,0.643,0.168,0.249,0.023
e410e854-104d-4b35-a171-899ff9d974bb,Qwen2.5 Coder Instruct 7B ,0,0,0,0.053,,,10,,0.339,0.048,,,0.126,0.66,0.473,0.148,,
41f73c27-880c-4f30-8b07-9999ce89a4ae,Qwen Chat 72B,0,0,0,,,,8.8,,,,,,,,,,,
5c6533f3-75a2-4109-b9a9-3623afc6b86a,Seed-OSS-36B-Instruct,0.3,0.21,0.57,,0.847,16.7,25.2,84.7,0.726,0.091,0.419,0.577,0.765,,0.815,0.365,0.494,0.068
