model_name,openbench_Reasoning,openbench_Reasoning Output Tokens Used to Run Artificial Analysis Intelligence Index (million),openbench_Answer Output Tokens Used to Run Artificial Analysis Intelligence Index (million),livebench_theory_of_mind,livebench_zebra_puzzle,livebench_spatial,livebench_logic_with_navigation,livebench_code_generation,livebench_code_completion,livebench_javascript,livebench_typescript,livebench_python,livebench_integrals_with_game,livebench_olympiad,livebench_consecutive_events,livebench_tablejoin,livebench_connections,livebench_plot_unscrambling,livebench_typos,livebench_IF Average,lechmazur_confab_Confab %,lechmazur_gen_Avg Rank,lechmazur_nytcon_Score %,contextarena_8k (%) 2 needles,eqbench_eq_elo,arc_ARC-AGI-1,arc_ARC-AGI-2,aa_pricing_price_1m_input_tokens,aa_pricing_price_1m_output_tokens,aa_eval_aime_25,aa_eval_gpqa,aa_eval_hle,aa_eval_ifbench,aa_eval_lcr,aa_eval_livecodebench,aa_eval_mmlu_pro,aa_eval_scicode,aa_eval_tau2,aa_eval_terminalbench_hard,weirdml_splash_hard_acc,weirdml_avg_acc,weirdml_code_len_p10,yupp_Text_Score,yupp_Coding_Score,ugileaderboard_Writing,aagdpval_ELO,aaomniscience_OmniscienceIndex,aaomniscience_OmniscienceAccuracy,aacritpt_CritPtScore,lmarena_Score,style_normalized_length,style_log_normalized_length,style_normalized_header_count,style_normalized_bold_count,style_normalized_list_count,style_predicted_delta,style_cv_length,style_cv_header_count,style_cv_bold_count,style_cv_list_count,style_min_length,style_min_header_count,style_min_bold_count,style_min_list_count,style_frac_used_header_count,style_frac_used_bold_count,style_frac_used_list_count,style_q7_length,style_q7_header_count,style_q7_bold_count,style_q7_list_count,logic_accuracy,logic_weighted_accuracy,logic_physics_acc,logic_trick_acc,logic_avg_answer_tokens,logic_avg_reasoning_tokens,logic_PC2,logic_PC3,logic_PC4,tone_Grok 4.1 Fast density TrueSkill,tone_Grok 4.1 Fast confidence TrueSkill,writing_GPT-5 (low)_score,writing_Llama 4 Maverick 17B 128E Instruct_score,eq_Gemini 3.0 Flash Preview (2025-12-17) TrueSkill,eq_Grok 4 Fast TrueSkill
Claude 3 Opus,0.0,0.0,1.3,,,,,,,,,,,,,,,,,,28.2,,19.2,,,,,15.0,75.0,,0.489,0.031,,,0.279,0.696,0.233,,,0.0775,0.2318441176470588,66.6,,,54.28,,,,,1321.0,10.673534234644928,2.4573242483194786,0.0,0.3316749585406301,6.500484453448429,62.97865349519206,0.2400889386156737,0.0,3.0,0.6123724356957946,1180.0,0.0,0.0,0.0,0.0,0.1111111111111111,0.7777777777777778,2273.0,0.0,5.0,0.0,0.125,26.901,0.05,0.125,357.6,0.0,-0.368378,1.157403,-0.469511,16.9148,25.9359,693.75,793.75,14.5005,12.1254
GPT-4o Mini,0.0,0.0,1.6,,,,,,,,,,,,,,,,,,60.9,2.3,9.7,,,,0.0,0.15,0.6,0.147,0.426,0.04,0.31,,0.234,0.648,0.229,,,0.0952,0.1175729411764706,67.0,945.0,903.0,,,,,,1317.0,15.307635258237756,2.791633418888748,13.34214002642008,12.50414593698176,8.191667400687045,42.17657408166743,0.4050222610101612,1.6917660434730462,0.9660682625255969,0.8870186831259897,586.6,0.0,0.0,0.0,0.4444444444444444,0.7777777777777778,0.8888888888888888,3477.2,8.8,25.6,3.4,0.0625,18.525,0.0,0.125,432.79,0.0,-1.568014,1.219561,0.059997,18.1728,14.2634,726.25,810.0,13.6226,11.5051
Llama 3.1 405B Instruct Turbo,0.0,0.0,3.7,,,,,,,,,,,,,,,,,,14.4,2.08,16.2,,781.2,,,2.75,6.5,0.03,0.515,0.042,0.39,0.243,0.305,0.732,0.299,0.19,0.068,0.0563999999999999,0.2138376470588235,48.0,,,29.9,278.84,-17.3,0.2233,,1335.0,30.79801719125123,3.459403935365758,7.045354469396742,12.990602542841351,6.984937901876156,32.116445968206094,0.6264790176601152,0.8213163500594639,1.1023142692471923,1.211361977923343,1185.6666666666667,0.0,0.0,0.0,0.6666666666666666,0.7777777777777778,0.8888888888888888,2604.333333333333,1.0,15.333333333333334,1.0,0.0625,22.594,0.05,0.0,356.9,0.0,-0.507681,0.334521,-1.26547,17.9814,13.475,676.25,778.75,12.1295,12.1945
Llama 3.1 70B Instruct Turbo,0.0,0.0,4.7,,,,,,,,,,,,,,,,,,,,,,,,,0.56,0.56,0.04,0.409,0.046,0.344,0.063,0.232,0.676,0.267,0.152,0.03,0.0512,0.0897105882352941,51.0,,,32.77,305.7,-40.85,0.1938,,1293.0,16.25067844362807,2.8478514727693574,12.813738441215325,11.243781094527362,6.236237117942395,53.21085840160528,0.2944130163591343,1.1632936883415628,1.0582961133834017,1.1811716302546142,1291.6,0.0,0.0,0.0,0.5555555555555556,0.7777777777777778,0.7777777777777778,2461.4,2.0,15.2,1.2,0.0833,12.3275,0.0,0.1667,373.79,0.0,-1.563474,1.594875,0.325401,13.1207,10.5408,638.75,776.25,12.0794,11.596
Llama 3.1 8B Instruct Turbo,0.0,0.0,5.2,,,,,,,,,,,,,,,,,,,,,,,,,0.1,0.1,0.043,0.259,0.051,0.286,0.157,0.116,0.476,0.132,0.164,0.008,0.0,0.0172941176470588,34.800000000000004,997.0,964.0,24.82,304.85,-30.333,0.0807,,1211.0,18.77271444968473,2.984302929208466,17.173051519154555,11.608623548922056,6.236237117942395,39.87237131490504,0.2978708991215034,1.2896779562236578,1.2456394198446716,1.5078014579799257,1483.4,0.0,0.0,0.0,0.5555555555555556,0.5555555555555556,0.5555555555555556,3318.8,1.2,14.8,0.6,0.0417,20.4475,0.05,0.0417,632.54,0.0,-2.112887,0.387891,-0.691803,11.4386,13.3086,522.5,705.0,5.4633,5.9517
GPT-4o (2024-08-06),0.0,0.0,2.9,,,,,,,,,,,,,,,,,,22.3,1.96,17.8,,,,,2.5,10.0,,0.521,0.029,0.36,0.35,0.317,,0.331,0.289,0.083,,,,,,,399.19,-21.717,0.2367,,1335.0,13.29602961965809,2.65998184973929,2.6420079260237777,10.5804311774461,8.852285739452128,43.47199675137965,0.354039303164593,2.4,0.9584299524498872,1.119215757495237,614.8,0.0,0.0,0.0,0.2222222222222222,0.8888888888888888,0.8888888888888888,2577.0,3.2,12.4,1.8,0.1146,16.406,0.05,0.1667,348.44,0.0,-1.082483,2.211199,-0.213082,20.2412,13.5324,718.75,830.7692,11.9069,12.6907
Qwen2.5 72B Instruct Turbo,0.0,0.0,,,,,,,,,,,,,,,,,,,32.2,2.21,10.5,,830.2,,,0.0,0.0,0.14,0.491,0.042,0.369,0.203,0.276,0.72,0.267,0.345,0.045,,,,,,31.52,,-52.217,0.1758,,1302.0,21.20381676552622,3.100264200475644,20.25539409951563,19.62410171365396,16.7620893155994,22.45730368069587,0.3208553130864867,1.334867137247029,0.7700753311058788,0.740632900575256,1262.6666666666667,0.0,1.3333333333333333,3.6666666666666665,0.5555555555555556,1.0,1.0,3668.3333333333335,14.0,16.333333333333332,6.0,0.1562,25.294,0.05,0.1042,493.85,0.0,0.239696,-0.004818,-0.513937,16.1505,16.4493,636.25,827.5,14.5541,11.2518
Gemini 1.5 Flash 8B,0.0,0.0,1.8,,,,,,,,,,,,,,,,,,,,,,,,,0.0,0.0,,0.359,0.045,,,0.217,0.569,0.229,,,,,,,,,,,,,1258.0,13.147648698879893,2.649548440591067,1.9815059445178336,12.603648424543948,5.971989782436362,36.50929132804778,0.6239825706562877,3.0,1.1217004167905262,1.4681621163890586,621.0,0.0,0.0,0.0,0.1111111111111111,0.7777777777777778,0.4444444444444444,2659.0,3.0,11.0,0.0,0.0,0.0,0.0,0.0,333.91,0.0,-1.581633,0.093619,-0.736215,23.6493,18.1798,737.5,823.75,,
Claude 3.5 Sonnet,0.0,0.0,1.0,,,,,,,,,,,,,,,,,,12.9,1.93,17.7,89.7,1085.1,,,3.0,15.0,,0.599,0.039,,,0.381,0.772,0.366,,,0.1678,0.3096937254901961,93.4,1093.0,1175.0,,,,,,1372.0,5.30544225626929,1.841413110695116,2.509907529722589,1.5257048092868988,17.22892627499339,72.79879458947475,0.5601180579142839,3.0,2.7342670079837976,0.7391285179199831,489.2,0.0,0.0,0.0,0.1111111111111111,0.2222222222222222,0.8888888888888888,2634.6,3.8,11.2,6.2,0.2083,40.404,0.0,0.25,247.19,0.0,0.52957,0.132138,0.879803,22.4718,27.8202,795.0,855.0,21.3187,20.5781
Claude 3.5 Haiku,0.0,0.0,2.3,,,,,,,,,,,,,,,,,,65.8,2.25,10.0,67.8,,,,0.8,4.0,,0.408,0.035,0.428,0.233,0.314,0.634,0.274,0.246,0.023,0.2222,0.3073380392156862,100.0,,,,736.91,-23.183,0.1297,,1323.0,4.011780450669755,1.6117912313396807,3.302509907529722,0.0,17.863119880207876,69.73312217417202,0.2984283665833147,3.0,3.0,0.8333069723721754,340.0,0.0,0.0,0.0,0.1111111111111111,0.1111111111111111,0.8888888888888888,1004.0,5.0,3.0,3.0,0.0208,22.348,0.0,0.0417,250.85,0.0,-1.577094,0.468933,-0.470811,20.4983,20.5768,712.5,835.0,,
Mistral Large,0.0,0.0,,,,,,,,,,,,,,,,,,,32.2,2.11,12.4,63.8,928.0,,,,,,,,,,,,,,,,,,808.0,777.0,37.84,,,,,,16.363667767005836,2.8543799638176406,12.681638044914134,15.754560530679932,13.529463577908926,33.79930707035611,0.3376042490005703,1.1596234572049668,0.9651648082264158,1.0237068824013853,1147.2,0.0,0.0,0.0,0.5555555555555556,0.8888888888888888,0.7777777777777778,2729.0,5.4,11.2,0.0,0.0208,17.13,0.0,0.0417,470.02,0.0,-1.577094,0.468933,-0.470811,21.6521,24.4945,686.25,818.75,17.8751,11.5553
GPT-4o (2024-11-20),0.0,0.0,2.7,,,,,,,,,,,,,,,,,,26.2,,18.7,,,,,2.5,10.0,0.06,0.543,0.033,0.343,0.0,0.309,0.748,0.333,0.251,0.083,0.0756,0.2512492156862745,70.0,,,,374.53,-10.75,0.1968,,,20.656162937429308,3.075290076176811,28.005284015852045,24.14593698175788,16.330485334272883,16.232894639516978,0.4625709300495859,0.8506765207162053,0.9039681635133326,1.0473285582460783,566.0,0.0,0.0,0.0,0.7777777777777778,0.8888888888888888,0.8888888888888888,3504.2,10.8,22.6,4.0,0.1458,26.6995,0.0,0.2917,449.12,0.0,-1.047122,1.508576,1.120599,15.5897,25.4741,792.5,795.0,19.9033,19.003
Nova Lite,0.0,0.0,7.0,,,,,,,,,,,,,,,,,,,,,57.4,,,,0.06,0.24,0.07,0.433,0.046,0.341,0.177,0.167,0.59,0.139,0.175,0.008,,,,,,,367.63,-40.417,0.0973,,1260.0,17.743060771277218,2.930823591716852,17.8335535006605,19.071310116086234,12.948119439795652,30.5971133439384,0.2570904044530983,1.07496769977314,0.8261303660965641,0.8476157142104654,1373.0,0.0,1.8,0.8,0.6666666666666666,1.0,1.0,2934.2,6.0,20.6,0.8,0.125,25.625,0.05,0.0417,427.77,0.0,0.287475,0.209274,-0.987762,15.3116,10.3331,601.25,800.0,15.7503,14.0826
Nova Micro,0.0,0.0,7.0,,,,,,,,,,,,,,,,,,,,,39.7,,,,0.035,0.14,0.06,0.358,0.047,0.294,0.097,0.14,0.531,0.094,0.14,0.015,,,,886.0,,,366.6,-48.667,0.0988,,1240.0,17.590283378772263,2.9226390452305244,15.191545574636722,15.290215588723052,11.468334360961862,34.814901479360955,0.2867674879385589,1.0912956867835768,0.830182220505228,0.7984820938517438,1353.8,0.0,1.8,1.4,0.6666666666666666,1.0,1.0,3133.2,7.2,15.8,1.4,0.0625,23.2715,0.0,0.0417,500.62,0.0,-0.786478,-0.031629,-0.458508,19.2058,19.0593,601.25,742.5,14.9898,12.9227
Nova Pro,0.0,0.0,4.4,,,,,,,,,,,,,,,,,,54.5,2.11,9.9,,,,,0.8,3.2,0.07,0.499,0.034,0.381,0.19,0.233,0.691,0.208,0.14,0.061,,,,972.0,893.0,,412.52,-47.583,0.1703,,1290.0,16.298160338277096,2.8506001570214456,18.36195508586525,17.87728026533997,13.95225931471858,27.03976200189944,0.3654260712313119,0.9984201588103924,0.9486276580703908,0.9447029531338068,979.4,0.0,1.2,2.6,0.6666666666666666,1.0,1.0,3242.8,4.0,22.0,2.6,0.2083,27.2795,0.0,0.25,420.15,0.0,-0.045947,0.308296,0.981776,11.752,12.6465,620.0,796.25,16.5639,11.6996
Llama 3.3 70B Instruct Turbo,0.0,0.0,3.8,,,,,,,,,,,,,,,,,,17.8,2.12,15.1,76.6,,,,0.58,0.71,0.077,0.498,0.04,0.471,0.15,0.288,0.713,0.26,0.266,0.03,0.0384,0.1444139215686274,76.0,928.0,856.0,26.18,424.89,-51.917,0.1793,,1318.0,17.817361143459483,2.934779908781985,13.738441215323649,12.53731343283582,6.791156522505067,43.26450468600024,0.2196193420598548,1.1465212208081077,1.019405558659007,1.0126743942182554,1455.0,0.0,0.0,0.0,0.5555555555555556,0.6666666666666666,0.6666666666666666,2824.0,4.4,20.8,4.0,0.0625,14.5665,0.0,0.125,459.56,0.0,-1.604406,0.701519,0.110476,17.8743,19.8886,566.25,826.25,11.4274,8.6874
Gemini 2.0 Flash,0.0,0.0,5.0,,,,,,,,,,,,,,,,,,24.3,2.0,18.8,65.6,891.5,,1.3,0.15,0.6,0.217,0.623,0.053,0.402,0.283,0.334,0.779,0.333,0.295,0.038,0.189,0.2576964705882352,74.0,1038.0,1019.0,,591.7,-42.55,0.2358,,1360.0,35.19771299727889,3.588995939965234,1.8494055482166445,33.565505804311776,23.20091605742976,20.689681522336464,0.5665194766448047,3.0,0.8980917527429161,1.069942007002521,1845.8,0.0,0.0,0.0,0.1111111111111111,0.8888888888888888,0.8888888888888888,4821.6,2.8,21.0,7.4,0.0,22.07,0.0,0.0,412.35,0.0,-1.581633,0.093619,-0.736215,22.7439,24.7182,686.25,823.75,18.8714,14.4865
DeepSeek V3 (2024-12-26),0.0,0.0,,,,,,,,,,,,,,,,,,,,2.03,15.1,,,,,0.4,0.89,0.26,0.557,0.036,0.348,0.29,0.359,0.752,0.354,0.228,0.068,,,,1060.0,1035.0,43.22,445.08,-41.35,0.2537,,1358.0,17.72481541361116,2.9298496716036224,25.09907529722589,23.117744610281925,14.03153351537039,19.94615465548681,0.3586873372046862,0.8484914101687735,0.8278154107146346,0.9345451974503044,1381.0,0.0,3.8,2.6,0.7777777777777778,1.0,1.0,3172.6,8.8,18.0,3.4,0.125,26.376,0.0,0.0833,763.08,0.0,0.008678,-0.156876,-0.1808,20.7648,16.0643,731.25,811.25,17.2296,15.9051
Phi-4,0.0,0.0,4.2,,,,,,,,,,,,,,,,,,52.5,2.1,9.9,,,,,0.125,0.5,0.18,0.575,0.041,0.235,0.0,0.231,0.714,0.26,0.0,0.038,,,,864.0,799.0,25.66,,-56.717,0.1318,,1256.0,18.1165410444656,2.950553983541246,6.208718626155877,12.437810945273633,11.864705364220912,36.363346957096525,0.2873768268243452,1.8336488198582843,0.8493122870574438,0.9269486047187756,1255.4,0.0,0.0,2.6,0.3333333333333333,0.8888888888888888,1.0,2991.4,4.6,8.2,2.6,0.1042,17.5785,0.0,0.1667,457.25,0.0,-1.168166,1.344594,0.331553,9.3878,8.7392,710.0,810.0,15.8249,13.7188
DeepSeek R1,1.0,40.0,22.0,,,,,,,,,,,,,,,,,,17.3,1.8,38.6,93.7,1286.0,15.8,1.3,0.55,2.19,,,,,,,,,,,0.095,0.3649301960784314,81.0,1029.0,940.0,51.75,271.61,-31.317,0.3072,0.006,1398.0,19.201370443043967,3.0057504458209263,19.26464112725672,26.9485903814262,14.480753985730646,5.188280111614507,0.3982029474883864,0.8913890101111516,0.8688756622961178,0.9425760545246497,1096.8,0.0,1.0,2.4,0.7777777777777778,1.0,1.0,3398.4,8.4,31.8,5.0,0.1667,25.3505,0.0,0.1667,351.15,4650.04,0.017758,0.593752,0.350008,31.4519,20.9689,870.0,861.25,32.6129,30.6469
DeepSeek R1 Distill Llama 70B,1.0,17.0,3.0,,,,,,,,,,,,,,,,,,,,,,,,,0.7,1.05,0.537,0.402,0.061,0.276,0.11,0.266,0.795,0.312,0.219,0.015,,,,877.0,836.0,,,-46.45,0.1932,,,10.177465674808689,2.413899758202803,9.247027741083222,13.372028745163076,8.781819783317186,59.34391119636025,0.4726917269417713,1.3092488888905824,0.927179943543099,0.9684029954218,729.2,0.0,1.0,0.6,0.4444444444444444,1.0,1.0,2717.2,4.0,25.4,5.2,0.125,26.8575,0.0,0.0833,312.25,3983.15,0.008678,-0.156876,-0.1808,20.1803,15.4382,718.75,796.25,8.3744,12.0792
DeepSeek R1 Distill Qwen 32B,1.0,12.0,1.6,,,,,,,,,,,,,,,,,,,,,,,,,0.27,0.27,0.63,0.615,0.055,0.229,0.097,0.27,0.739,0.376,,,,,,801.0,706.0,,,,,,,8.76462284814953,2.278765940761413,12.549537648612946,11.824212271973463,8.742182682991281,62.99379124310025,0.505359257638134,1.2207009475396091,1.2403483288695898,1.2499361889939036,584.2,0.0,0.0,0.0,0.5555555555555556,0.8888888888888888,0.8888888888888888,2412.2,6.0,15.2,1.8,0.0833,25.68,0.0,0.0,588.85,4011.54,-0.000402,-0.907505,-0.711608,14.2041,15.5023,677.5,800.0,8.1713,5.8359
Qwen2.5 Max,0.0,0.0,,,,,,,,,,,,,,,,,,,31.2,2.08,18.0,46.0,,,,1.6,6.4,,0.587,0.045,,,0.359,0.762,0.337,,,,,,1135.0,1148.0,,,,,,1374.0,25.72998440822705,3.2857859468445243,22.457067371202115,23.71475953565506,14.824275521888492,16.916423381633535,0.3861705338434974,0.6602924800189308,0.8152123736250976,0.81023206714487,1383.3333333333333,1.3333333333333333,2.0,3.0,1.0,1.0,1.0,3917.6666666666665,6.666666666666667,26.0,3.6666666666666665,0.1042,26.125,0.0,0.0417,667.0,0.0,0.10574,-0.877299,-0.789635,19.9613,14.7324,801.25,837.5,21.6382,19.0253
o3-Mini High,1.0,58.0,3.0,,,,,,,,,,,,,,,,,,30.7,1.84,61.4,,,34.5,3.0,1.1,4.4,,0.773,0.123,0.671,0.393,0.734,0.802,0.398,0.313,0.061,0.3007999999999999,0.4370482352941177,90.3,930.0,1000.0,,770.2,-41.333,0.2103,0.003,1363.0,14.766869235846103,2.7579108546867426,3.170409511228533,2.553897180762852,1.9290055491940457,39.00559902923936,0.4371560973701283,3.0,2.7525389980394084,1.0494977010901332,906.8,0.0,0.0,0.0,0.1111111111111111,0.2222222222222222,0.7777777777777778,3323.2,4.8,17.0,1.8,0.125,23.6765,0.0,0.0833,390.58,1460.0,0.62733,-1.191786,-1.017457,23.5983,22.7178,617.5,766.25,16.7444,16.0984
o3-Mini Medium,1.0,11.0,1.4,,,,,,,,,,,,,,,,,,27.2,1.85,53.6,72.6,,22.3,2.1,1.1,4.4,,0.748,0.087,,,0.717,0.791,0.399,0.287,0.068,,,,982.0,999.0,,,,,,1348.0,15.527019197403147,2.804996568736229,2.509907529722589,2.2885572139303485,1.4005108781819784,35.823731705060666,0.4221353296463055,3.0,3.0000000000000004,1.3607111481896352,1177.2,0.0,0.0,0.0,0.1111111111111111,0.1111111111111111,0.6666666666666666,3391.8,3.8,16.8,1.2,0.1667,24.709,0.0,0.1667,367.71,1430.67,0.945736,-0.958612,-0.904978,20.1633,24.519,620.0,813.75,17.1214,18.1948
Gemini 2.0 Flash Lite,0.0,0.0,2.2,,,,,,,,,,,,,,,,,,,,,56.1,,,,0.0,0.0,,0.535,0.036,,,0.185,0.724,0.25,,,,,,1032.0,1030.0,,,,,,1353.0,30.22090700258501,3.4410879666378995,4.359313077939234,30.580431177446105,19.39575442614287,4.056978358224795,0.4953798593741494,2.446957969762685,0.8177683889257901,1.034443813815124,1612.6,0.0,0.0,0.0,0.2222222222222222,0.8888888888888888,0.8888888888888888,4284.2,5.4,18.2,5.8,0.0833,13.077,0.0,0.1667,384.88,0.0,-1.563474,1.594875,0.325401,19.2066,18.9475,647.5,830.0,15.7147,12.5557
Grok 3 Beta,0.0,0.0,,,,,,,,,,,,,,,,,,,17.8,2.07,19.7,99.5,1136.9,5.5,0.0,3.0,15.0,0.58,0.693,0.051,0.469,0.547,0.425,0.799,0.368,0.488,0.114,0.1296,0.3723735294117647,83.20000000000002,1097.0,1098.0,58.71,678.98,-32.333,0.2832,,1412.0,47.86548680718278,3.88907135602876,32.10039630118891,30.18242122719735,25.23562054082621,2.662961793252584,0.4583317239267625,0.8333333333333333,0.8137244945055814,0.79665621944734,2465.4,0.0,1.2,3.8,0.8888888888888888,1.0,1.0,6131.0,12.8,43.6,4.0,0.2917,36.008,0.05,0.375,833.21,0.0,0.753742,0.963461,1.235416,23.2993,11.4703,817.5,837.5,21.1592,16.2039
Grok 3 Mini Beta (High),1.0,95.0,4.9,,,,,,,,,,,,,,,,,,6.9,1.89,30.2,75.8,1044.5,,,0.3,0.5,0.847,0.791,0.111,0.459,0.503,0.696,0.828,0.406,0.904,0.174,0.0521999999999999,0.4258445098039216,78.0,963.0,926.0,,443.78,-6.05,0.154,0.006,1363.0,27.863518862695564,3.362578474627353,21.92866578599736,14.361525704809283,11.415484893860654,10.932659508257608,0.7060906107763771,1.0034189991764453,1.1239581831052523,1.2962613377242531,784.0,0.0,0.0,0.0,0.7777777777777778,0.7777777777777778,0.7777777777777778,5526.6,10.2,10.6,1.8,0.2708,56.423,0.0,0.375,234.96,4208.25,0.918775,-0.865741,-0.452326,24.5327,27.4006,801.25,836.25,16.1494,16.7286
Claude 3.7 Sonnet,0.0,0.0,5.6,,,,,,,,,,,,,,,,,,25.2,1.88,19.2,85.5,,13.6,0.0,3.0,15.0,0.21,0.656,0.048,0.44,0.483,0.394,0.803,0.376,0.5,0.212,,,,,,71.17,1063.7,-9.233,0.283,,1371.0,9.011667921929128,2.303751205013977,20.871862615587848,5.406301824212272,10.807716022196775,65.9844170747465,0.4779818649858253,0.9788154242112916,1.6114025465097537,0.4950902746405237,932.2,0.0,0.0,2.8,0.7777777777777778,0.6666666666666666,1.0,3356.0,11.4,19.8,4.2,0.1667,39.023,0.0,0.1667,338.19,0.0,0.520491,-0.61849,0.348995,26.0676,22.0618,812.5,828.75,27.2911,21.5082
Claude 3.7 Sonnet Thinking,1.0,52.0,5.5,,,,,,,,,,,,,,,,,,7.9,1.73,33.6,85.1,1111.8,28.6,0.7,3.0,15.0,0.563,0.772,0.103,0.483,0.607,0.473,0.837,0.403,0.547,0.212,,,,,,68.01,1064.23,0.317,0.2803,0.009,1387.0,11.103728993108524,2.4935135863732474,25.89167767503302,8.590381426202322,11.44190962741126,44.94614201775124,0.3858630668829615,0.4647620342047645,1.1781525577380485,0.5555197097883756,932.2,1.0,0.0,3.4,1.0,0.6666666666666666,1.0,3274.6,8.2,21.6,4.4,0.1667,40.4,0.0,0.1667,1464.81,8204.62,0.520491,-0.61849,0.348995,29.0245,30.0527,816.25,825.0,24.1349,25.2559
QwQ 32B,1.0,,,,,,,,,,,,,,,,,,,,25.2,1.93,31.4,88.7,1198.1,,,0.66,1.0,0.29,0.593,0.082,0.388,0.25,0.631,0.764,0.358,,,,,,1072.0,1037.0,34.87,,,,,1336.0,23.24084866559232,3.188039171545024,27.30074856891237,34.21779988944167,21.7387474676297,7.865981030471211,0.4200501097917273,0.97632284390231,0.9107305858529812,1.0343753017471606,1162.6666666666667,0.0,0.0,1.3333333333333333,0.7777777777777778,0.8888888888888888,1.0,3426.6666666666665,11.333333333333334,24.0,4.0,0.1771,26.98,0.0,0.2083,1048.33,6264.54,1.061948,-0.975612,-1.060979,27.3327,26.8057,855.0,848.75,22.5121,25.8365
Gemma 3 12B,0.0,0.0,,,,,,,,,,,,,,,,,,,,,,49.4,,,,0.0,0.0,0.183,0.349,0.048,0.367,0.067,0.137,0.595,0.174,0.108,0.008,,,,930.0,866.0,29.86,318.33,-76.983,0.1022,,1341.0,45.64153158420053,3.8424913799293225,1.9815059445178336,41.59203980099503,27.77239496168414,-0.7172333415515344,0.3224825290581656,3.0,0.5744899741911556,0.8031332638365818,2129.8,0.0,0.0,0.0,0.1111111111111111,0.8888888888888888,0.8888888888888888,5351.6,3.0,27.8,6.6,0.1042,25.9015,0.0,0.0417,588.46,0.0,0.004138,-0.53219,-0.446204,17.4775,21.9123,802.5,840.0,20.2459,21.3219
Gemma 3 27B,0.0,0.0,,,,,,,,,,,,,,,,,,,66.3,2.21,11.6,30.9,1081.5,,,0.0,0.0,0.207,0.428,0.047,0.318,0.057,0.137,0.669,0.212,0.105,0.038,,,,944.0,857.0,44.99,319.48,-65.883,0.1248,,1365.0,39.580555661687306,3.703289027297693,4.095112285336857,41.59203980099503,24.231480665903284,2.752994774606183,0.4147862090499719,1.7725799113562133,0.7345563008420013,0.9389232091743248,1634.6,0.0,0.0,0.0,0.3333333333333333,0.8888888888888888,0.8888888888888888,5125.8,3.4,35.2,8.2,0.0,21.3875,0.0,0.0,956.06,0.0,-1.581633,0.093619,-0.736215,18.8848,18.9801,806.25,842.5,21.8469,21.7725
Gemma 3 4B,0.0,0.0,,,,,,,,,,,,,,,,,,,,,,35.6,956.7,,,0.0,0.0,0.127,0.291,0.052,0.283,0.057,0.112,0.417,0.073,0.05,0.008,,,,898.0,748.0,24.01,289.36,-83.317,0.078,,1303.0,33.077514507048214,3.5286377681702965,2.509907529722589,30.87893864013268,20.76984057077425,16.885442141112385,0.2506322071227378,3.0,0.7313129501262459,0.9601311638791088,2731.6,0.0,0.0,0.6,0.1111111111111111,0.8888888888888888,1.0,4163.2,3.8,9.4,2.0,0.0417,22.5425,0.0,0.0,446.98,0.0,-0.791018,-0.406943,-0.723912,13.288,31.7668,796.25,815.0,17.7776,17.9552
Command A,0.0,0.0,,,,,,,,,,,,,,,,,,,,,25.3,,,,,2.5,10.0,0.13,0.527,0.046,0.365,0.18,0.287,0.712,0.281,0.152,0.008,,,,1057.0,1029.0,40.59,299.91,-48.467,0.1572,,1353.0,20.682761591376213,3.076517548135368,21.532364597093792,23.416252072968486,16.277635867171675,23.540367120585927,0.3874935187902245,0.9294478527607362,0.8711620983367904,0.755800324728281,1285.6,0.0,4.0,2.6,0.7777777777777778,1.0,1.0,3180.6,5.6,15.0,2.6,0.2083,25.8245,0.05,0.2083,582.25,0.0,-0.109964,0.253077,-0.226299,21.985,20.0167,806.25,828.75,19.6623,14.8514
DeepSeek V3 (2025-03-24),0.0,0.0,4.0,,,,,,,,,,,,,,,,,,39.1,1.95,16.8,58.4,1123.0,,,1.25,1.45,0.41,0.655,0.052,0.41,0.41,0.405,0.819,0.358,0.471,0.152,0.2538,0.360832156862745,99.0,1095.0,1103.0,49.07,434.08,-37.567,0.2217,,1395.0,29.860616144576923,3.429480812535342,38.837516512549534,31.60862354892205,22.01180304765261,19.68539975996468,0.6379928597950508,0.3210639331133116,0.7119453299526136,0.7625127326183406,2073.2,3.6,6.4,2.4,1.0,1.0,1.0,2639.0,7.8,29.2,2.4,0.1458,21.0915,0.0,0.125,1357.56,0.0,0.013218,0.218438,0.084604,14.0534,22.2069,802.5,828.75,22.2863,23.8607
ChatGPT-4o,0.0,0.0,,,,,,,,,,,,,,,,,,,38.1,1.97,24.5,,1406.9,,,0.0,0.0,0.257,0.655,0.05,,,0.425,0.803,0.366,,,,,,1126.0,1106.0,67.37,1148.89,,,,1443.0,19.577488599268403,3.0241976918257967,27.08058124174372,24.54394693200664,16.674006870430727,18.65863468148641,0.5102645642227783,0.592185880106292,0.9549349683747226,0.8554132532344928,1113.0,0.0,0.0,0.0,0.8888888888888888,0.8888888888888888,0.8888888888888888,3706.0,5.0,23.0,8.0,0.2159,21.5909,0.0,0.3958,506.66,0.0,-0.987756,1.347913,1.46712,19.3658,20.7768,843.75,862.5,,
Llama 4 Maverick 17B 128E Instruct,0.0,0.0,8.2,,,,,,,,,,,,,,,,,,28.2,2.04,18.5,80.4,795.7,4.4,0.0,0.31,0.91,0.193,0.671,0.048,0.43,0.46,0.397,0.809,0.331,0.178,0.068,0.052,0.2446586274509804,31.0,1008.0,974.0,23.99,459.5,-41.767,0.2432,,1327.0,22.22196634291537,3.1450986558417524,28.66578599735799,14.129353233830845,8.112393200035235,34.347964049335395,0.2339858014882569,0.6284622930514676,1.0797538553631545,1.1841676751024537,1573.4,0.0,0.0,0.0,0.8888888888888888,0.6666666666666666,0.7777777777777778,2915.0,5.0,24.4,2.2,0.1875,30.8525,0.0,0.2083,581.85,0.0,0.147981,0.666006,0.615159,9.925,13.354,593.75,828.75,8.4543,9.4424
llama-4-scout,0.0,0.0,7.3,,,,,,,,,,,,,,,,,,,,17.4,64.0,598.0,0.5,0.0,0.17,0.66,0.14,0.587,0.043,0.395,0.258,0.299,0.752,0.17,0.155,0.015,,,,1015.0,967.0,26.67,302.71,-52.367,0.1455,,1322.0,19.360742543139068,3.013608661701913,22.72126816380449,11.044776119402984,6.500484453448429,42.77020439675459,0.2799267468573109,0.9117439561873344,1.2098639628326968,1.358716714812588,1492.4,0.0,0.0,0.0,0.6666666666666666,0.5555555555555556,0.7777777777777778,3202.6,7.8,18.6,2.6,0.1458,26.899,0.0,0.125,510.69,0.0,0.013218,0.218438,0.084604,7.7062,9.8907,608.75,821.25,13.3667,5.3568
GPT-4.1,0.0,0.0,4.5,,,,,,,,,,,,,,,,,,,,22.8,87.6,1230.0,5.5,0.4,2.0,8.0,0.347,0.666,0.046,0.43,0.61,0.457,0.806,0.381,0.471,0.136,0.1524,0.3904019607843137,75.60000000000001,,1125.0,67.48,791.21,-36.183,0.2418,,1413.0,19.920633217542125,3.0407359072635978,32.628797886393656,33.86401326699834,16.779705804633142,22.61032484838983,0.2694176601127088,0.3662401526311238,0.4275650489646428,0.5851764804200706,1556.8,2.0,8.6,5.4,1.0,1.0,1.0,2765.4,7.6,22.6,5.4,0.2812,37.627,0.0,0.4583,651.4,0.0,-0.14987,0.830004,2.349034,28.9766,21.612,837.5,855.0,22.6801,25.5379
GPT-4.1 Mini,0.0,0.0,4.6,,,,,,,,,,,,,,,,,,,,14.4,73.4,1118.4,3.5,0.0,0.4,1.6,0.463,0.664,0.046,0.383,0.423,0.483,0.781,0.404,0.529,0.076,0.1107999999999999,0.3760621568627451,98.9,1081.0,1091.0,,634.24,-50.133,0.175,,1382.0,19.007046392721115,2.996084531140057,26.420079260237777,19.734660033167494,18.52373821897296,31.810615154297025,0.4947581059364424,0.9444045743218318,0.6131733775778015,0.6594549689885294,854.6,0.0,0.2,2.8,0.8888888888888888,1.0,1.0,2952.4,8.2,18.8,4.2,0.1771,23.3715,0.0,0.2917,636.94,0.0,-0.138092,-0.761094,0.027293,18.5367,20.2786,781.25,833.75,19.8637,19.5078
GPT-4.1 Nano,0.0,0.0,5.2,,,,,,,,,,,,,,,,,,,,8.1,47.0,1004.4,0.0,0.0,0.1,0.4,0.24,0.512,0.039,0.32,0.17,0.326,0.657,0.259,0.173,0.038,0.0698333333333333,0.1898449813258637,27.0,1053.0,1091.0,,347.26,-56.417,0.133,,1322.0,17.058530123420475,2.8936181561616907,23.117569352708056,25.33996683250414,16.726856337531935,32.484816883258205,0.436834403934682,0.9069932385050496,0.7938433814706372,0.7094581251211599,956.6,0.0,0.6,0.8,0.7777777777777778,1.0,1.0,2425.0,7.0,16.2,4.8,0.1042,13.3275,0.0,0.2083,745.35,0.0,-1.286001,0.934693,0.222956,16.9885,17.6204,698.75,815.0,16.7721,18.0732
o3 High,1.0,,,,,,,,,,,,,,,,,,,,24.8,1.82,78.6,97.5,1500.0,60.8,6.5,2.0,8.0,,,,,,,,,,,0.2928,0.524225350140056,90.0,1026.0,1017.0,66.75,761.15,-15.267,0.384,0.011,,20.61417663243873,3.07334942497855,1.1889035667107,2.9187396351575456,6.949704923808686,24.29543045151873,0.6716744179968728,3.0000000000000004,3.0,1.0190967546987892,720.2,0.0,0.0,0.4,0.1111111111111111,0.1111111111111111,1.0,4523.6,1.8,20.6,11.0,0.4583,50.9055,0.2,0.5833,291.12,1974.67,0.582525,1.271704,-0.363667,34.9613,36.2785,902.5,883.75,28.7212,29.1775
o3 Medium,1.0,41.0,7.3,,,,,,,,,,,,,,,,,,,1.83,73.0,,,53.8,3.0,2.0,8.0,0.883,0.827,0.2,0.714,0.693,0.808,0.853,0.41,0.807,0.371,,,,,,66.83,,,,,1431.0,21.18813601636744,3.099557732351206,1.1889035667107,3.1840796019900504,6.077688716638774,28.349164261072392,0.7018491949426277,3.0000000000000004,3.0,0.9644986316813629,660.6,0.0,0.0,0.6,0.1111111111111111,0.1111111111111111,1.0,4182.4,1.8,22.2,9.0,0.3958,43.748,0.0,0.625,313.15,1293.33,2.112538,0.40482,0.564831,37.7239,32.1518,891.25,877.2152,31.3942,35.2743
o4-Mini High,1.0,79.0,3.0,,,,,,,,,,,,,,,,,,26.7,1.82,73.6,,,58.7,6.1,1.1,4.4,0.907,0.784,0.175,0.687,0.55,0.859,0.832,0.465,0.556,0.152,0.3894999999999999,0.5256450980392158,75.0,1030.0,998.0,43.18,1016.69,-35.75,0.2463,0.006,,13.398687234477965,2.6671370381538764,1.056803170409511,3.316749585406302,4.730027305558004,36.20058217349393,0.5648383828922724,3.0000000000000004,2.855121753418425,1.2504725016357543,545.2,0.0,0.0,0.0,0.1111111111111111,0.3333333333333333,0.7777777777777778,2782.2,1.6,22.0,16.8,0.1875,37.0735,0.05,0.1667,192.56,3110.67,0.426778,1.032156,-0.191804,31.2727,38.3234,805.0,851.25,22.7609,26.6416
o4-Mini Medium,1.0,,,,,,,,,,,,,,,,,,,,,1.8,68.8,96.4,1291.3,41.8,2.4,,,,,,,,,,,,,,,,1048.0,1048.0,45.39,,,,,1390.0,12.357163082408196,2.592052801429169,1.8494055482166445,3.150912106135987,4.941425173962831,34.128142368946925,0.654173212827639,3.0,3.0,1.0443948199650843,443.2,0.0,0.0,0.0,0.1111111111111111,0.1111111111111111,0.8888888888888888,2869.0,2.8,22.0,13.2,0.1667,42.921,0.0,0.1667,187.81,1012.0,0.394807,-0.315429,0.349248,40.9803,29.6667,822.5,845.0,24.4036,24.5318
Qwen 3 235B A22B Thinking,1.0,37.0,4.0,,,,,,,,,,,,,,,,,,23.3,1.9,54.3,,,,,0.7,8.4,0.82,0.7,0.117,0.387,0.0,0.622,0.828,0.399,0.24,0.061,0.1318,0.372847385620915,77.6,1116.0,1092.0,,773.05,-44.583,0.184,,1374.0,26.0091603628764,3.2961760811634866,29.722589167767502,40.02211166390271,20.54963445785255,10.13471581446623,0.2032805699110894,0.7,0.5017274626157258,0.7765135385364816,2023.6666666666667,0.0,8.666666666666666,1.0,0.8888888888888888,1.0,1.0,3508.0,9.666666666666666,12.333333333333334,1.0,0.2292,28.3635,0.0,0.2917,785.35,7392.73,0.959355,0.16733,-0.108766,15.949,20.5057,808.75,818.75,30.0344,30.5374
Qwen 3 30B A3B Thinking,1.0,30.0,2.8,38.462,16.25,82.0,10.0,52.113,45.652,0.0,0.0,5.0,22.0,64.075,1.575,37.115,68.167,31.228,64.0,21.11,12.9,2.09,36.6,,,,,0.2,2.4,0.723,0.616,0.066,0.415,0.0,0.506,0.777,0.285,0.26,0.023,0.0241111111111111,0.2975088235294118,57.0,1059.0,993.0,28.54,521.13,-51.2,0.1613,,1328.0,30.902653218348146,3.462689179321088,31.571994715984147,52.90215588723052,21.888487624416456,8.548579139791663,0.3786161899449975,0.9265350040181856,0.7119103766618029,0.9941243849073924,1727.0,0.0,5.0,2.6666666666666665,0.8888888888888888,1.0,1.0,4055.3333333333335,9.666666666666666,29.33333333333333,2.6666666666666665,0.25,29.167,0.0,0.3333,819.83,6812.48,1.440032,-1.18307,-0.898073,28.0014,18.9841,795.0,845.0,19.0392,14.3649
Qwen 3 32B Thinking,1.0,27.0,2.7,55.769,21.25,86.0,30.0,69.014,63.043,0.0,0.0,10.0,25.0,73.446,3.043,38.538,61.0,37.627,68.0,17.77,,,35.8,,1026.4,,,0.7,8.4,0.73,0.668,0.083,0.363,0.0,0.546,0.798,0.354,0.298,0.03,,,,,,30.34,516.98,-50.533,0.1727,0.003,1347.0,31.03608613525536,3.4668629591597617,29.94275649493615,48.568269762299614,26.230952171232275,9.872683751979944,0.369148882847631,0.6967760502391361,0.6890697801640117,1.0116992339437525,2171.0,0.0,6.666666666666667,5.333333333333333,0.8888888888888888,1.0,1.0,3181.0,6.333333333333333,21.666666666666668,6.0,0.1667,27.692,0.0,0.1667,1020.54,5636.27,0.424164,-0.786683,-1.023716,25.1219,13.5529,867.5,847.5,23.0263,22.2273
Mistral Medium 3,0.0,0.0,4.0,,,,,,,,,,,,,,,,,,38.1,2.12,11.5,55.7,,,,0.4,2.0,0.303,0.578,0.043,0.393,0.28,0.4,0.76,0.331,0.243,0.038,,,,1041.0,903.0,32.61,608.77,-31.467,0.183,,1386.0,35.308723908379626,3.5920580404511795,36.06340819022456,36.71641791044776,21.589007310842952,13.534270928783071,0.7003283688169586,0.5638230124116617,0.8012461608148153,0.7450095961687528,1817.6,0.2,7.4,5.8,1.0,1.0,1.0,3793.2,9.4,43.6,5.8,0.1875,32.287,0.0,0.2083,1477.73,0.0,0.273664,0.362945,0.614905,28.0318,24.0663,786.25,833.75,16.9063,17.5196
Gemini 2.5 Flash Preview (2025-05-20),1.0,42.0,9.9,42.308,18.25,86.0,32.0,69.014,63.043,10.0,0.0,40.0,21.0,81.762,2.566,41.327,70.167,52.657,64.0,28.5,,,25.2,98.2,1145.5,32.3,2.5,0.3,2.5,0.733,0.79,0.111,0.503,0.617,0.695,0.832,0.394,0.316,0.136,,,,1132.0,1124.0,,,,,,1411.0,44.93413928336463,3.827208615839477,20.211360634081903,39.27031509121062,27.745970228133537,-1.5379789429995472,0.5341047490831657,1.6026038500970914,0.7149366042704773,0.8199668215633971,1306.4,0.0,5.8,5.2,0.4444444444444444,1.0,1.0,8030.6,15.8,48.6,6.6,0.3229,49.199,0.025,0.4583,555.98,1575.73,0.328317,0.558148,1.802855,37.8851,23.415,818.75,828.75,24.4601,24.406
Gemini 2.5 Flash Preview Nonthinking,0.0,0.0,17.0,,,,,,,,,,,,,,,,,,,,,91.3,,33.3,1.7,0.3,2.5,0.603,0.683,0.051,0.39,0.459,0.495,0.809,0.291,0.149,0.121,,,,1103.0,1099.0,,747.74,-42.017,0.2653,0.014,,71.81427733257686,4.287912053179901,16.77675033025099,42.072968490878935,30.857482603717084,-3.5655796769106,0.9749592679199388,1.5950567665171598,0.54211609462211,0.6951971529261375,1966.8,0.0,1.8,3.8,0.4444444444444444,1.0,1.0,6220.8,13.6,32.0,7.8,0.2083,27.58,0.05,0.2083,574.67,0.0,-0.211565,0.598186,0.117132,17.6603,14.0672,770.0,842.5,18.0566,20.1385
Gemma 3n 4B,0.0,0.0,,,,,,,,,,,,,,,,,,,,,,,,,,0.0,0.0,,0.278,0.049,,,0.138,0.483,0.086,,,,,,970.0,885.0,,267.3,-80.4,0.0775,,1318.0,37.96287388982546,3.662609241193077,1.453104359313078,36.25207296849087,22.88381925482252,11.891469313616938,0.4101722429226163,3.0,0.7393977511419517,0.826549227695981,1210.2,0.0,2.2,1.8,0.1111111111111111,1.0,1.0,4998.2,2.2,14.8,7.6,0.0312,21.0035,0.05,0.0,416.77,0.0,-1.719444,-0.057293,-0.887989,13.5099,15.5631,721.25,823.75,14.0873,14.527
Claude 4 Opus,0.0,0.0,1.7,,,,,,,,,,,,,,,,,,3.0,1.7,34.4,,,22.5,1.3,15.0,75.0,0.363,0.701,0.059,0.433,0.36,0.542,0.86,0.409,,,,,,,,68.24,,,,,1412.0,13.098408215540166,2.6460618984964013,23.38177014531044,13.001658374792704,13.47661411080772,39.074806712425854,0.6760666664052479,1.9910204913448024,1.0893765382198193,0.5507265862076799,1209.0,0.0,0.0,4.4,0.4444444444444444,0.8888888888888888,1.0,5397.2,24.2,33.2,5.4,0.2292,41.1815,0.0,0.2917,356.35,0.0,0.424933,-1.046673,1.296646,32.0463,26.7109,843.75,862.5,28.0868,30.5911
Claude 4 Opus Thinking,1.0,,,,,,,,,,,,,,,,,,,,2.5,1.69,49.7,96.6,1439.2,35.7,8.6,15.0,75.0,0.733,0.796,0.117,0.537,0.337,0.636,0.873,0.398,0.734,0.311,0.146,0.4339828431372549,184.5,,,66.83,,,,,1424.0,11.577448821667064,2.5319054343364624,22.324966974900924,12.935323383084576,12.683872104289618,45.08139913284978,0.6660518651633979,1.7770108567953622,0.8317763232094623,0.673796640883068,1024.8,0.0,0.6,3.6,0.5555555555555556,1.0,1.0,4909.2,20.8,26.4,3.6,0.2292,59.09,0.0,0.2917,723.17,548.31,0.876566,-0.813186,-0.128128,25.6431,29.3535,873.75,822.5,27.2969,29.9515
Claude 4 Sonnet,0.0,0.0,6.0,57.692,13.0,60.0,28.0,78.873,82.609,25.0,25.0,65.0,6.0,80.841,2.833,35.25,74.833,54.209,84.0,22.68,5.4,1.89,26.6,93.0,,23.8,1.3,3.0,15.0,0.38,0.683,0.04,0.454,0.443,0.449,0.837,0.373,0.523,0.273,0.1836,0.4387825490196078,144.70000000000002,1108.0,1199.0,63.68,1144.16,-9.233,0.2243,0.011,1389.0,15.051101132981232,2.7757774536389883,21.4002642007926,14.461028192371476,12.102527966176345,31.35221666997791,0.7171765192744842,1.7916128329552337,0.9894385022385904,0.4790712054408798,1101.2,0.0,0.0,2.2,0.5555555555555556,0.8888888888888888,1.0,6138.8,20.2,34.6,2.2,0.2292,41.1375,0.0,0.2917,357.5,0.0,0.424933,-1.046673,1.296646,22.9403,21.8107,810.0,852.5,26.6983,22.6717
Claude 4 Sonnet Thinking,1.0,22.0,6.0,61.538,52.5,96.0,66.0,78.873,76.087,30.0,30.0,60.0,27.0,83.702,24.21,41.635,82.833,55.898,80.0,44.34,2.5,1.69,40.3,96.4,1287.8,40.0,5.9,3.0,15.0,0.743,0.777,0.096,0.547,0.647,0.655,0.842,0.4,0.646,0.311,0.1426,0.4611235294117647,131.0,1169.0,1262.0,62.31,1144.55,0.183,0.2233,0.003,1399.0,12.97486736001817,2.637260527763074,24.04227212681638,13.83084577114428,10.411345018937729,45.7142242785543,0.6975594330833161,1.6628142995413184,0.9470577610567252,0.5363482171509278,935.4,0.0,0.6,0.8,0.6666666666666666,1.0,1.0,5470.4,21.2,31.4,4.6,0.2083,43.2485,0.0,0.25,1108.21,727.02,0.456785,-0.903946,0.980762,28.3889,27.8032,835.0,848.75,24.9086,26.0043
DeepSeek R1 (2025-05-28),1.0,45.0,4.6,,,,,,,,,,,,,,,,,,12.9,1.74,48.6,95.0,,21.2,1.1,1.35,5.4,0.76,0.813,0.149,0.396,0.547,0.77,0.849,0.403,0.365,0.159,0.1746,0.4162766666666667,105.4,1049.0,978.0,42.26,698.86,-27.083,0.3095,0.014,1422.0,27.40936333332112,3.346718785665012,16.248348745046233,31.144278606965177,19.71285122875011,-1.4135122032254572,0.3194641907836498,1.5230237777925837,0.8799919899955851,0.8243805076867544,2088.6,0.0,0.0,6.6,0.4444444444444444,0.8888888888888888,1.0,3158.4,11.4,27.0,7.4,0.4167,56.245,0.15,0.5417,701.77,4814.33,2.263349,2.52965,-1.424287,29.4763,29.2602,857.5,856.25,32.7462,34.1254
Gemini 2.5 Pro Preview (2025-06-05),1.0,49.0,5.5,69.231,48.0,98.0,68.0,77.465,73.913,30.0,25.0,45.0,24.0,86.047,11.844,44.962,87.5,62.987,76.0,33.07,4.0,1.74,57.6,99.4,,37.0,4.9,1.25,10.0,0.877,0.844,0.211,0.487,0.66,0.801,0.862,0.428,0.541,0.265,0.5362,0.5403066666666668,142.4,1173.0,1178.0,,916.69,-14.3,0.39,0.026,1448.0,42.696115350856765,3.777259204577205,35.13870541611625,37.5787728026534,21.298335241786315,-6.670388707792665,0.4589468495447023,0.7891715318676826,0.611185482414277,0.7599800499325912,411.4,0.0,2.2,1.4,0.8888888888888888,1.0,1.0,5575.0,15.0,28.2,4.2,0.4167,60.43,0.1,0.5833,490.69,2011.92,-0.359263,-0.626445,0.832491,33.0908,33.2174,898.75,861.25,34.4344,32.4975
Gemini 2.5 Flash Lite Preview (2025-06-17),1.0,84.0,24.0,34.615,12.75,84.0,42.0,67.606,65.217,5.0,0.0,10.0,11.0,66.633,6.622,36.462,61.833,32.108,62.0,23.08,,,,,,,,0.1,0.4,0.533,0.625,0.064,0.499,0.513,0.593,0.759,0.193,0.184,0.045,0.195,0.3521960784313725,201.4,1084.0,1065.0,,340.28,-44.633,0.1755,,1374.0,38.4724249629571,3.6756023259166497,20.739762219286657,33.13432835820896,21.82682991279838,2.2411518476014,0.4847948301984351,2.3363145017165547,0.8582661251445692,0.8789847477921395,1691.0,0.0,0.0,4.2,0.4444444444444444,0.8888888888888888,1.0,7486.4,25.0,46.8,4.2,0.1458,26.759,0.0,0.125,630.17,4431.46,-0.059567,-0.817646,0.185564,25.336,25.3947,803.75,821.25,21.5589,22.7785
Gemini 2.5 Flash Lite Preview (2025-06-17) Nonthinking,0.0,0.0,35.0,,,,,,,,,,,,,,,,,,,,,,,,,0.1,0.4,0.353,0.474,0.037,0.315,0.313,0.4,0.724,0.177,0.19,0.023,,,,1101.0,1103.0,,333.47,-57.0,0.1532,,,75.59077327133612,4.338476616114642,19.0224570673712,42.95743504698729,25.94028010217564,-1.013819130717782,1.175744141879839,1.5615622185811235,0.5764994529987657,0.7545902482202383,1764.0,0.0,10.4,6.8,0.4444444444444444,1.0,1.0,7398.8,15.0,38.2,6.8,0.1667,24.4755,0.0,0.1667,892.15,0.0,0.017758,0.593752,0.350008,15.4818,21.8657,802.5,828.75,21.4228,21.5477
Grok 4,1.0,85.0,3.2,61.538,85.0,96.0,74.0,78.873,67.391,20.0,20.0,50.0,65.0,86.975,51.072,41.019,98.667,60.497,70.0,29.07,4.0,1.88,91.7,99.7,1182.5,66.7,16.0,3.0,15.0,0.927,0.877,0.239,0.537,0.68,0.819,0.866,0.457,0.749,0.379,0.1366666666666666,0.4572705882352941,77.0,1137.0,1126.0,67.0,982.45,3.75,0.4138,0.02,1410.0,21.082400871338823,3.094780950612644,15.71994715984148,16.15257048092869,11.706156962917294,8.534736512523756,0.790741036394388,0.966897928273871,1.028331346256028,1.155049269463212,1.0,0.0,0.0,0.0,0.6666666666666666,0.6666666666666666,0.7777777777777778,4504.2,6.4,21.4,0.8,0.625,60.2544,0.6,0.5833,139.62,4941.15,-1.516332,3.376672,-3.063437,21.9426,26.8353,801.25,833.75,22.3137,21.7722
Kimi K2,0.0,0.0,12.0,51.923,21.0,62.0,34.0,74.648,73.913,35.0,15.0,45.0,7.0,71.058,3.216,32.692,78.167,45.892,76.0,20.36,30.2,1.94,19.8,,1590.2,,,0.57,2.4,0.57,0.766,0.07,0.415,0.51,0.556,0.824,0.345,0.611,0.159,0.1001249999999999,0.3936119514472456,128.0,996.0,986.0,52.5,546.04,-27.517,0.2682,,1417.0,24.212688740792924,3.227347389253021,12.02113606340819,12.437810945273633,10.992689157051002,32.02091054955022,0.6726572481678225,1.3483274669370375,1.1048039264848453,1.163279530692828,653.8,0.0,0.0,0.0,0.5555555555555556,0.8888888888888888,0.8888888888888888,3747.0,6.8,21.4,3.0,0.1042,24.115,0.0,0.0417,734.94,0.0,-0.032254,-1.050232,-0.395724,30.9062,30.0262,871.25,867.5,35.3711,43.6982
Qwen 3 235B A22B Nonthinking (2025-07-21),0.0,0.0,15.0,44.231,43.5,84.0,62.0,71.831,67.391,10.0,10.0,20.0,21.0,76.931,3.665,34.404,91.0,39.209,68.0,21.72,,1.97,19.8,,,11.0,1.3,0.7,2.8,0.717,0.753,0.106,0.461,0.312,0.524,0.828,0.36,0.333,0.152,0.0261666666666666,0.3870119281045752,96.0,1184.0,1174.0,48.97,799.42,-42.1,0.1678,,1422.0,64.89696031085148,4.188092314660894,31.483927785116688,78.15091210613599,31.185589711970408,15.340227831555689,1.135733552707361,0.7502750241502518,1.101861658470707,0.9857034095262052,1793.6666666666667,0.0,4.333333333333333,2.6666666666666665,0.8888888888888888,1.0,1.0,4376.0,12.333333333333334,30.666666666666668,4.666666666666667,0.1875,29.7925,0.0,0.2083,1609.19,0.0,0.002411,-1.406162,0.817078,20.7152,22.3579,863.75,852.5,31.8958,26.212
Qwen 3 235B A22B Thinking (2025-07-21),1.0,61.0,2.6,53.846,37.75,86.0,60.0,66.197,71.739,5.0,5.0,10.0,40.0,81.304,7.24,49.308,83.0,47.571,78.0,40.64,13.9,1.84,46.2,,,,,0.7,8.4,0.91,0.79,0.15,0.512,0.67,0.788,0.843,0.424,0.532,0.136,0.2282,0.4103707843137254,62.0,1066.0,997.0,32.35,830.66,-45.55,0.2308,,1400.0,40.24383669619804,3.71950168819189,34.56627036547776,53.78662244333887,22.927860477406853,-8.358489050685252,0.398205512633427,0.4797091800241985,0.6088231406044955,0.6917226442822328,2286.6666666666665,2.6666666666666665,9.333333333333334,3.6666666666666665,1.0,1.0,1.0,3892.0,11.333333333333334,29.666666666666668,3.6666666666666665,0.3265,39.972,0.0,0.4583,1143.94,5528.16,1.477733,-0.015079,0.241317,27.9478,29.7429,876.25,857.5,31.9956,41.7397
Qwen 3 Coder 480B A35B Instruct,0.0,0.0,,,,,,,,,,,,,,,,,,,,,,,,,,1.5,7.5,0.393,0.618,0.044,0.405,0.423,0.585,0.788,0.359,0.436,0.189,0.0883333333333333,0.4116602941176471,124.9,,1104.0,,527.77,-22.2,0.1472,,1387.0,15.824733607833677,2.822850042290063,18.93439013650374,15.809839690436704,11.785431163569102,36.50139425165176,0.5008485777498377,1.087706639139688,0.7696632377664206,0.6370999397131,1048.6666666666667,0.0,0.0,0.0,0.5555555555555556,0.8888888888888888,0.8888888888888888,3870.6666666666665,9.666666666666666,23.0,2.333333333333333,0.1771,26.3825,0.05,0.1875,450.38,0.0,-0.598523,-0.979404,-0.238954,20.6049,27.4909,781.25,837.5,22.4969,22.0254
GLM 4.5 Air,1.0,64.0,3.7,,,,,,,,,,,,,,,,,,,,,,,,,0.2,1.1,0.807,0.733,0.068,0.376,0.437,0.684,0.815,0.306,0.465,0.205,,,,1081.0,1044.0,41.96,576.98,-62.517,0.155,,1373.0,33.76688127380441,3.5486652461039685,24.70277410832232,39.33665008291874,22.434598784462256,-9.778519558367066,0.4177191943876481,1.0950593435183664,0.9220296967504412,0.8404591359164935,1304.4,0.0,0.0,2.6,0.7777777777777778,0.8888888888888888,1.0,4015.6,13.2,35.8,8.0,0.2292,30.886,0.1,0.2083,699.25,5206.88,0.079167,1.112034,-0.565467,34.6425,20.4853,825.0,835.0,21.203,25.472
GLM-4.5,1.0,,,,,,,,,,,,,,,,,,,,7.9,1.8,30.2,,1321.1,,,0.49,1.9,0.737,0.782,0.122,0.441,0.483,0.738,0.835,0.348,0.43,0.22,0.1183333333333333,0.4057937908496732,162.0,1080.0,1079.0,57.34,487.6,-25.45,0.2495,,1411.0,39.12486136720849,3.69199612642137,23.91017173051519,44.64344941956883,25.79053994538889,-10.060298946140108,0.4549479785262835,1.2076436909921022,0.9196573153817548,0.8202161300535367,1351.8,0.0,0.0,2.6,0.6666666666666666,0.7777777777777778,1.0,4474.2,13.6,45.4,9.0,0.25,29.254,0.05,0.2917,921.04,4988.52,1.360859,0.162094,-1.421259,27.896,26.4002,772.5,837.5,30.232,26.7764
Claude Opus 4.1,0.0,0.0,,48.077,11.5,62.0,42.0,76.056,76.087,45.0,40.0,75.0,10.0,86.619,2.223,37.827,86.0,60.257,84.0,25.92,4.0,1.69,37.1,,,,,15.0,75.0,,,,,,,,,,,,,,,,69.91,,,,,1447.0,13.165454409373275,2.6508062124977827,26.420079260237777,14.029850746268654,12.789571038492028,43.4993279553032,0.6350992647193782,1.588407221086583,0.8261449517660805,0.4771236923419708,1163.4,0.0,0.4,4.0,0.6666666666666666,1.0,1.0,5155.0,22.6,28.6,4.0,0.2083,42.6385,0.0,0.25,383.81,0.0,0.456785,-0.903946,0.980762,29.8824,28.2268,850.0,883.75,29.2374,27.8462
Claude Opus 4.1 Thinking,1.0,,,67.308,62.0,90.0,70.0,73.239,76.087,45.0,30.0,70.0,26.0,88.483,4.641,44.25,93.833,60.458,64.0,42.4,2.5,1.7,58.8,,,,,15.0,75.0,0.803,0.809,0.119,0.554,0.663,0.654,0.88,0.409,0.714,0.343,0.3055,0.4275941176470588,177.9,,,66.51,,,,,1449.0,13.10368398161228,2.6464360385493286,26.28797886393659,13.399668325041455,13.767286179864357,43.240548247957,0.6948570497063602,1.4615537071582791,0.962767579393332,0.5132640121150912,1056.0,0.0,2.4,4.2,0.7777777777777778,1.0,1.0,5488.2,21.2,32.2,5.8,0.2083,56.6,0.0,0.25,717.83,553.35,0.5627,-0.671045,0.024797,33.2662,34.6299,862.5,870.0,34.94,28.2895
GPT OSS 120B,1.0,73.0,4.3,48.077,20.75,80.0,8.0,70.423,50.0,20.0,10.0,20.0,32.0,59.338,2.87,29.231,79.167,18.605,48.0,50.29,23.3,1.87,38.7,76.5,1104.5,,,0.15,0.6,0.934,0.782,0.185,0.69,0.507,0.878,0.808,0.389,0.658,0.235,0.0558,0.4816694117647059,145.4,1168.0,1167.0,38.52,956.92,-50.05,0.2152,0.011,1354.0,55.44610318205108,4.033286256894053,42.40422721268164,61.8905472636816,13.397339910155909,-11.154790618097598,0.6497186739523704,0.8732193365830339,0.7895642981200599,0.6673964214304128,1075.0,0.0,4.8,3.8,0.8888888888888888,1.0,1.0,6970.8,17.6,64.4,6.2,0.1458,23.888,0.0,0.125,626.69,684.15,0.941196,-1.333926,-1.170382,29.7804,27.6925,840.0,866.25,19.3294,19.4069
GPT OSS 20B,1.0,58.0,3.0,,,,,,,,,,,,,,,,,,,2.18,,72.2,934.6,,,0.06,0.2,0.893,0.688,0.098,0.651,0.307,0.777,0.748,0.344,0.602,0.106,0.1146,0.4093258823529412,92.1,1098.0,1070.0,10.94,675.89,-63.917,0.1553,0.014,1318.0,35.55140914769684,3.598719739425156,28.13738441215324,34.295190713101164,7.21395225931472,-1.9891536035484307,0.7028002938346998,1.069356400127642,0.9339073609077948,0.9285789967299732,634.8,0.0,0.8,0.0,0.7777777777777778,1.0,0.8888888888888888,6492.2,13.8,54.4,5.0,0.1042,24.696,0.0,0.0417,393.77,1608.94,0.10574,-0.877299,-0.789635,33.2373,28.6792,777.5,846.25,11.2969,14.5447
GPT-5 (high),1.0,72.0,4.2,,,,,,,,,,,,,,,,,,,,77.0,,,65.7,9.9,1.25,10.0,0.943,0.854,0.265,0.731,0.756,0.846,0.871,0.429,0.848,0.326,0.5526666666666666,0.6069699253034547,213.8,1211.0,1260.0,53.47,1300.05,-8.083,0.4065,0.057,1434.0,14.054640816110764,2.711686303536219,2.906208718626156,6.434494195688226,15.907689597463229,22.8818881580856,0.9302734854907798,3.0,3.0,1.0863462544832712,260.2,0.0,0.0,0.0,0.1111111111111111,0.1111111111111111,0.8888888888888888,5445.8,4.4,41.8,20.6,0.6667,62.8696,0.3,0.9167,111.38,4294.67,0.338835,0.313626,-0.021949,37.4816,31.2065,912.5,880.0,34.0206,36.2959
GPT-5 (low),1.0,12.0,3.1,,,,,,,,,,,,,,,,,,,,65.4,,,44.0,1.9,1.25,10.0,0.83,0.808,0.184,0.666,0.587,0.763,0.86,0.391,0.842,0.265,,,,1109.0,1078.0,48.31,1152.89,-10.017,0.3743,0.011,,11.21056325606883,2.5023014177767924,1.453104359313078,4.742951907131012,18.20664141636572,35.02415606376579,0.8955560849223524,3.0,3.0,1.1684334249927544,285.4,0.0,0.0,0.0,0.1111111111111111,0.1111111111111111,0.8888888888888888,4339.0,2.2,31.6,23.8,0.4792,45.6605,0.05,0.75,105.5,640.0,1.954598,0.717513,1.439732,35.9058,36.1741,915.0,880.0,30.6818,35.1916
GPT-5 (medium),1.0,38.0,4.4,,,,,,,,,,,,,,,,,,10.9,1.79,72.2,99.7,,56.2,7.5,1.25,10.0,0.917,0.842,0.235,0.706,0.728,0.703,0.867,0.411,0.865,0.379,,,,1163.0,1187.0,,1004.49,-10.083,0.3887,,,13.161277761232853,2.650511321569628,1.9815059445178336,6.102819237147595,18.0480930150621,28.277362374102644,0.908124874479624,3.0,3.0,1.117258912149725,251.6,0.0,0.0,0.0,0.1111111111111111,0.1111111111111111,0.8888888888888888,5168.4,3.0,39.8,23.4,0.5417,46.3865,0.2,0.75,117.48,1886.67,0.129075,-0.182306,1.295751,32.8065,31.8198,931.25,881.25,30.449,34.6311
GPT-5 (minimal),1.0,,,,,,,,,,,,,,,,,,,,,,27.3,,,6.0,0.0,1.25,10.0,0.317,0.673,0.054,0.456,0.25,0.558,0.806,0.388,0.67,0.182,,,,,,,413.54,-33.95,0.2807,,,13.480241785009389,2.672785084677927,2.906208718626156,5.140961857379768,20.47916850171761,26.304468887122965,0.8887470961517203,3.0,3.0,1.287814669149289,437.4,0.0,0.0,1.8,0.1111111111111111,0.1111111111111111,1.0,4841.6,4.4,34.0,23.6,0.3229,27.5085,0.15,0.4583,245.1,0.0,0.268441,2.786636,0.768687,29.8726,29.2869,928.75,888.75,27.4227,36.591
GPT-5 Chat,0.0,0.0,2.8,,,,,,,,,,,,,,,,,,,,,,1509.1,,,1.25,10.0,0.483,0.686,0.058,0.45,0.637,0.543,0.82,0.378,0.0,0.129,0.1683333333333333,0.3976800653594771,80.0,1222.0,1235.0,62.69,,,,,1426.0,19.61925508067264,3.026225351877699,24.70277410832232,28.524046434494192,14.1372324495728,28.45432369825869,0.4130928463029867,0.6283365570342078,0.5537540896794666,0.8822635241506381,1306.4,0.0,5.2,1.8,0.8888888888888888,1.0,1.0,2513.4,5.2,20.2,2.6,0.25,39.882,0.0,0.3333,473.33,0.0,0.465865,-0.153317,1.51157,23.0315,28.507,877.5,867.5,31.6797,28.133
GPT-5 Codex,1.0,68.0,3.7,,,,,,,,,,,,,,,,,,,,,,,,,1.25,10.0,0.987,0.837,0.256,0.741,0.69,0.84,0.865,0.409,0.868,0.379,0.1618571428571428,0.5452593137254902,234.8,,1266.0,,1218.2,-6.767,0.3867,0.051,,16.58669449703055,2.867142621649268,16.90885072655218,15.636105188343992,10.33584578022172,13.332381551848592,0.870781950748995,1.424057176792223,1.156850505235253,1.277292205166286,427.8,0.0,0.0,0.0,0.4444444444444444,0.8888888888888888,0.7777777777777778,4365.8,8.0,35.4,11.0,0.375,42.6455,0.0,0.5833,181.75,1254.67,0.831247,0.19992,2.443194,31.6236,28.4241,891.25,855.0,26.6294,30.0001
GPT-5 Mini,1.0,17.0,3.6,,,,,76.056,76.087,,,,,,,,,,,,21.8,1.9,66.9,99.4,,37.3,4.0,0.25,2.0,0.85,0.803,0.146,0.712,0.66,0.692,0.828,0.41,0.711,0.288,,,,1132.0,1133.0,,1013.92,-10.783,0.222,0.014,,15.802238327498412,2.821512111314049,1.8494055482166445,7.429519071310116,18.12736721571391,19.69022829440932,0.9211546688174724,3.0,3.0,1.2020792589231326,269.0,0.0,0.0,0.0,0.1111111111111111,0.1111111111111111,0.7777777777777778,5201.2,2.8,47.8,21.0,0.1875,36.6105,0.0,0.2083,174.83,1105.33,0.111588,0.147964,0.665639,30.9896,33.5509,883.75,882.5,23.7275,28.983
GPT-5 Mini (High),1.0,65.0,3.8,61.538,61.75,88.0,62.0,,,50.0,20.0,70.0,57.0,82.626,21.681,43.904,98.667,41.895,86.0,65.27,,,,,,54.3,4.4,0.25,2.0,0.907,0.828,0.197,0.754,0.68,0.838,0.837,0.392,0.684,0.333,0.1412,0.5266617647058824,183.0,,,,1193.86,-17.183,0.2395,,1390.0,15.642866227403312,2.8119816698028526,1.453104359313078,5.837479270315091,14.375055051528232,16.10025297564768,0.8798762673092015,3.0,3.0,1.138764730785484,244.8,0.0,0.0,0.0,0.1111111111111111,0.1111111111111111,0.7777777777777778,4787.8,2.2,38.2,16.8,0.25,31.6655,0.05,0.2917,168.9,3557.33,-0.249854,0.336981,0.46229,32.9789,29.9654,885.0,871.25,27.031,30.4299
GPT-5 Mini (minimal),1.0,0.0,2.9,,,,,,,,,,,,,,,,,,,,,,,5.3,1.7,0.25,2.0,0.467,0.687,0.05,0.456,0.357,0.545,0.775,0.369,0.319,0.144,,,,1121.0,1116.0,,501.58,-54.117,0.1818,,,20.201128113709505,3.054054393173036,0.6605019815059444,5.771144278606965,19.87139963005373,20.47513998700389,0.6619312468622429,3.0,3.0,1.1699522900007002,621.8,0.0,0.0,1.8,0.1111111111111111,0.1111111111111111,1.0,4606.8,1.0,37.8,18.0,0.0521,23.2935,0.0,0.0,320.19,0.0,-0.593364,-0.532083,-0.720836,29.8574,30.5372,886.25,873.75,20.8423,28.1025
GPT-5 Nano,1.0,41.0,4.7,,,,,76.056,58.696,20.0,20.0,45.0,,,1.499,35.385,74.667,16.516,52.0,,,,,63.7,,20.7,0.9,0.05,0.4,0.783,0.67,0.076,0.659,0.4,0.763,0.772,0.338,0.304,0.174,,,,1017.0,993.0,,614.76,-24.883,0.161,,,14.190554599206646,2.720673826751359,2.358935648235516,4.477611940298507,18.825735173837,29.167348217648808,0.7717675145557016,3.0,3.0,0.9709665918806064,318.7142857142857,0.0,0.0,0.0,0.1111111111111111,0.1111111111111111,0.8888888888888888,4434.857142857143,3.571428571428572,30.0,21.428571428571427,0.2708,29.787,0.0,0.375,212.85,3616.0,0.615141,-0.981864,0.698859,27.5703,32.3309,845.0,856.25,19.1545,23.7992
GPT-5 Nano (high),1.0,100.0,5.2,46.154,7.0,94.0,14.0,,,,,,31.0,56.429,,,,,,55.7,,,,,,16.7,2.6,0.05,0.4,0.837,0.676,0.082,0.676,0.417,0.789,0.78,0.366,0.365,0.121,0.1276,0.3805635294117647,113.0,,,,776.03,-27.75,0.1828,,1337.0,17.522357890593796,2.9189785370208434,3.5667107001321003,5.704809286898838,20.87553950497666,22.13378155950743,0.8079325765825427,3.0,3.0,1.0124273831802149,378.8,0.0,0.0,0.0,0.1111111111111111,0.1111111111111111,0.8888888888888888,4893.2,5.4,37.4,24.0,0.1875,27.8605,0.0,0.2083,216.23,9822.67,0.186054,-1.620557,0.399002,27.9008,29.928,806.25,868.75,12.116,24.0509
GPT-5 Nano (minimal),1.0,0.0,9.0,,,,,,,,,,,,,,,,,,,,,,,1.5,0.0,0.05,0.4,0.273,0.428,0.041,0.325,0.2,0.47,0.556,0.291,0.257,0.068,,,,,,,317.6,-63.983,0.1103,,,18.24491801888703,2.9572470268610624,3.302509907529722,4.809286898839138,17.836695146657274,26.81736839885865,0.5337246100436638,3.0,3.0,0.7833999525412666,760.4,0.0,0.0,3.2,0.1111111111111111,0.1111111111111111,1.0,4439.8,5.0,32.0,22.6,0.0417,22.034,0.0,0.0208,481.21,0.0,-0.986402,-0.094145,-0.594286,22.7334,28.3736,816.25,863.75,19.4955,17.8918
Mistral Medium 3.1 (2025-08-12),0.0,0.0,7.6,,,,,,,,,,,,,,,,,,,,15.2,,,,,0.4,2.0,0.383,0.588,0.044,0.398,0.197,0.406,0.683,0.338,0.406,0.106,0.0703999999999999,0.3313476470588235,103.4,,,39.48,802.0,-45.467,0.1977,,1411.0,45.1464888677672,3.8318208771827815,51.25495376486129,78.90547263681592,35.118470888751865,-9.049609774601109,0.3824694448167505,0.5200281177760611,0.7375059346707659,0.7779293128943631,2077.2,0.8,13.0,10.0,1.0,1.0,1.0,5453.8,12.6,80.2,10.0,0.1875,25.2405,0.05,0.1667,1103.98,0.0,-0.430285,0.419299,0.30246,25.5823,25.1302,862.5,868.75,4.0971,2.0926
DeepSeek V3.1 (Non-Reasoning),0.0,0.0,9.2,,,,,,,,,,,,,,,,,,,1.75,21.6,,,,,0.56,1.68,0.497,0.735,0.063,0.378,0.45,0.577,0.833,0.367,0.348,0.242,,,,1131.0,1088.0,51.06,1102.27,-41.067,0.2313,,1418.0,46.1979050812222,3.8543495077341055,23.513870541611624,29.28689883913765,22.19677618250683,-0.7164662082572273,0.4193191530063824,0.8116616658221459,0.7913435235716211,0.6941557559666753,1903.0,0.0,4.0,2.4,0.8888888888888888,1.0,1.0,3270.8,8.6,15.6,2.4,0.1667,43.2215,0.0,0.1667,835.12,0.0,0.520491,-0.61849,0.348995,16.9227,23.1012,866.25,862.5,27.9844,29.4395
DeepSeek V3.1 (Reasoning),1.0,33.0,27.0,,,,,,,,,,,,,,,,,,,1.8,57.7,,,,,0.6,1.7,0.897,0.779,0.13,0.415,0.533,0.784,0.851,0.391,0.374,0.25,0.0455999999999999,0.383564705882353,72.00000000000006,1053.0,977.0,51.85,625.55,-28.367,0.2882,0.02,1417.0,33.042122909647794,3.5275986669088386,33.15719947159842,31.70812603648424,15.194221791596934,-1.7270547505539775,0.4976253026015875,0.6159728474928347,0.5998357929008021,0.8134402428872859,967.6,0.8,3.2,2.4,1.0,1.0,1.0,4220.0,10.6,23.6,4.4,0.2708,38.061,0.1,0.2917,320.75,3668.94,1.049625,1.980516,-0.782982,22.5381,21.7201,845.0,852.5,31.2818,32.04
Grok 4 Code Fast 1,1.0,,,,,,,,,,,,,,,,,,,,,,,,,,,,,,,,,,,,,,,0.0345714285714285,0.3506167507002801,70.0,,986.0,,761.2,-36.0,0.2382,,,18.58124810598428,2.9745723789923737,18.09775429326288,12.470978441127697,7.425350127719548,30.80622232922284,0.5389779448174218,0.9444660345199116,0.9657999819412432,1.0990015257807282,432.8,0.0,0.0,0.0,0.6666666666666666,0.7777777777777778,0.8888888888888888,4080.6,8.4,22.6,1.2,0.2708,29.8275,0.1,0.3333,255.23,2397.5,0.220585,2.1054,-0.909674,24.1847,26.238,813.75,836.25,22.0301,22.2317
Grok 4 Fast,1.0,40.0,2.8,,,,,,,,,,,,,,,,,,,1.79,92.1,,,48.5,5.3,0.2,0.5,0.897,0.847,0.17,0.505,0.647,0.832,0.85,0.442,0.658,0.189,0.3206666666666666,0.428637091503268,88.0,1170.0,1179.0,53.37,1019.13,-28.4,0.2263,0.029,1405.0,16.5771164693401,2.866597855444235,18.494055482166445,12.570480928689884,8.905135206553334,22.972942242845,0.7894546523651287,1.1450759711005365,1.2269165218605202,1.520134054762257,310.0,0.0,0.0,0.0,0.7777777777777778,0.6666666666666666,0.6666666666666666,4218.8,10.2,13.4,1.2,0.4167,50.142,0.25,0.4583,175.73,2349.62,0.209509,1.880086,-1.207958,24.4137,24.3128,855.0,847.5,22.9822,24.602
Grok 4 Fast (Non-Reasoning),0.0,0.0,4.3,,,,,,,,,,,,,,,,,,,2.02,24.9,,,,,0.2,0.5,0.413,0.606,0.05,0.377,0.2,0.401,0.73,0.329,0.637,0.121,,,,1165.0,1191.0,43.04,788.56,-49.867,0.1592,,,17.4605874628328,2.9156380521237537,16.908850726552178,12.868988391376451,8.429490002642474,24.30905300662439,0.6713246282823948,1.042178422467963,1.1124736716344616,1.2347317399821105,673.6,0.0,0.0,0.0,0.7777777777777778,0.6666666666666666,0.6666666666666666,3890.4,8.0,17.2,1.4,0.1146,22.6655,0.05,0.125,337.69,0.0,-1.184833,0.515308,-0.085878,23.6351,25.614,830.0,831.25,26.5619,22.9851
Qwen3 Max,0.0,0.0,13.0,,,,,,,,,,,,,,,,,,,,,,,,,1.2,6.0,0.807,0.764,0.111,0.441,0.467,0.767,0.841,0.383,0.743,0.205,,,,,,38.58,1057.18,-43.117,0.2443,,1424.0,49.38749036309098,3.919742937187319,27.19066490532805,81.34328358208955,19.42658328195191,18.30824824197433,1.1012199079911391,1.044852131323548,1.2718884844535183,0.8930180997806816,1465.6666666666667,0.0,5.0,1.3333333333333333,0.7777777777777778,1.0,1.0,3830.6666666666665,15.0,48.333333333333336,4.0,0.1875,26.3965,0.0,0.2083,1261.96,0.0,-0.021671,-1.448211,0.4739,26.0031,23.8218,896.25,863.75,29.833,30.8745
Kimi K2 0905,0.0,0.0,7.9,,,,,,,,,,,,,,,,,,,,,,,,,0.8,2.25,0.573,0.767,0.063,0.417,0.523,0.61,0.819,0.307,0.734,0.235,0.0457999999999999,0.3667552287581699,132.8,1050.0,1076.0,54.43,883.88,-26.467,0.2543,,1418.0,25.31180667248326,3.2700177613560863,10.56803170409511,31.575456053067995,12.39320003523298,27.330198351070493,0.8477873679793743,1.2213433945864691,1.6982086604135234,0.7099623293810259,758.6,0.0,0.0,0.0,0.4444444444444444,0.8888888888888888,0.8888888888888888,3620.0,4.6,19.8,7.0,0.1458,25.9785,0.1,0.0417,677.33,0.0,-0.084382,-0.33454,-1.092132,33.8396,31.2613,896.25,870.0,40.6278,39.4061
Qwen3 Next 80B A3B Instruct,0.0,0.0,15.0,44.231,32.75,90.0,52.0,69.014,67.391,5.0,5.0,20.0,26.0,71.437,12.099,45.096,89.0,40.013,70.0,19.19,,,,48.7,,,,0.5,2.0,0.663,0.738,0.073,0.397,0.513,0.684,0.819,0.307,0.216,0.076,,,,1197.0,1232.0,41.76,643.85,-59.1,0.1763,,1402.0,64.42259933016612,4.180867754279727,38.41919859092911,69.59646213377556,21.771778384567963,4.184588640033022,1.0954223523489686,0.7123009768835644,0.9720764972553526,0.8008836103247419,2504.0,1.3333333333333333,7.333333333333333,0.0,1.0,1.0,0.8888888888888888,4742.0,15.333333333333334,28.0,0.0,0.1875,25.7025,0.0,0.2083,1340.4,0.0,-0.123272,-1.103102,0.817331,25.3855,26.8903,862.5,883.75,25.9751,33.987
Qwen3 Next 80B A3B Thinking,1.0,48.0,3.0,46.154,32.5,96.0,58.0,64.789,56.522,15.0,0.0,10.0,38.0,72.805,14.423,46.327,70.167,40.768,58.0,41.54,,2.01,32.9,81.0,,,,0.5,6.0,0.843,0.759,0.117,0.607,0.603,0.784,0.824,0.388,0.415,0.098,,,,1019.0,1034.0,27.16,742.0,-50.567,0.1737,,1369.0,36.08968383610999,3.6133388672297935,31.516952884191983,43.31951354339415,22.45001321236678,-9.28488037881177,0.4600931569395119,0.5590945388488068,0.7420752006873177,0.8686173916639947,1821.0,1.0,4.0,4.333333333333333,1.0,1.0,1.0,4450.0,9.0,22.666666666666668,4.333333333333333,0.2292,38.763,0.0,0.2917,855.35,4341.81,0.53411,0.507453,1.145207,28.582,27.8585,841.25,846.25,28.798,32.8752
DeepSeek V3.1 Terminus,0.0,0.0,,,,,,,,,,,,,,,,,,,,,,,,,,0.335,1.5,0.537,0.751,0.084,0.412,0.433,0.529,0.836,0.321,0.371,0.318,,,,1170.0,1158.0,51.98,983.42,-41.883,0.2345,,1416.0,43.15466735195797,3.7876986372485866,37.25231175693527,40.563847429519065,16.70043160398133,-2.574319689375648,0.391395293575706,0.7501697408644568,0.4939193851998632,0.7141874039355596,1283.6,0.0,6.8,1.6,0.8888888888888888,1.0,1.0,4299.0,16.8,23.4,4.2,0.2292,32.5215,0.0,0.2917,839.6,0.0,0.209959,0.077489,1.246673,22.756,18.4562,823.75,836.25,34.8074,32.604
DeepSeek V3.1 Terminus (Reasoning),1.0,39.0,3.8,,,,,,,,,,,,,,,,,,,,,,,,,0.4,2.0,0.897,0.792,0.152,0.57,0.65,0.798,0.851,0.406,0.371,0.303,,,,1092.0,1056.0,54.0,1020.51,-24.317,0.2793,0.017,1416.0,25.88400746772126,3.2915315918833565,100.0,27.62852404643449,15.35277019290056,3.2312513383180987,0.5037638241247379,2.093849933961737,0.6963141339126384,0.7881412227397852,591.0,0.0,0.0,0.0,0.8888888888888888,0.8888888888888888,0.8888888888888888,3439.4,10.4,23.8,5.8,0.3333,54.62,0.2,0.3333,341.5,4556.6,-0.048575,-0.400504,-1.401515,29.8875,27.5957,837.5,831.25,24.2688,29.3738
Gemini 2.5 Flash Lite Preview 09-2025,1.0,35.0,9.9,40.385,12.25,68.0,24.0,63.38,67.391,5.0,0.0,0.0,17.0,66.279,8.346,37.25,63.0,32.803,62.0,28.11,,,,58.9,,,,0.1,0.4,0.687,0.709,0.066,0.526,0.59,0.688,0.808,0.287,0.307,0.129,,,,1109.0,1042.0,,457.9,-53.083,0.1803,,,34.51318234942215,3.569903961340582,44.253632760898284,25.970149253731343,7.716022196776184,1.813296384976764,0.4452029841533601,0.8459250664737752,0.7468345773448107,0.9434745930883548,1599.2,1.4,4.4,1.4,1.0,1.0,1.0,5319.4,15.0,33.6,1.4,0.2083,27.309,0.0,0.25,587.08,1600.6,1.00451,-1.412759,-1.656679,23.79,22.1118,835.0,836.25,30.0994,30.1608
Gemini 2.5 Flash Lite Preview 09-2025 Nonthinking,0.0,0.0,28.0,,,,,,,,,,,,,,,,,,,,,58.0,,,,0.1,0.4,0.467,0.651,0.046,0.418,0.48,0.641,0.796,0.285,0.304,0.076,,,,1132.0,1128.0,,403.92,-42.667,0.1428,,1380.0,45.280801079019774,3.8347272115754056,45.04623513870541,42.58706467661691,16.489033735576502,-5.154940297626053,0.4103346062553963,0.7740435738501158,0.4743429140088466,0.5349927165767058,1992.8,0.0,8.6,4.6,0.8888888888888888,1.0,1.0,5565.6,17.4,42.6,4.6,0.125,25.228,0.1,0.0,765.23,0.0,0.566272,0.575424,-1.794725,21.9351,23.0891,827.5,836.25,32.2203,27.6854
Gemini 2.5 Flash Preview 09-2025,1.0,37.0,5.4,42.308,23.5,80.0,60.0,67.606,67.391,15.0,15.0,40.0,32.0,84.188,37.524,47.385,77.667,52.362,66.0,27.68,,,,,,,,0.0,0.0,0.783,0.793,0.127,0.523,0.643,0.713,0.842,0.405,0.456,0.167,0.2018571428571429,0.419073669467787,136.2,,,43.88,1078.41,-34.717,0.289,0.003,1405.0,41.96102527814226,3.760293315794368,56.14266842800528,29.85074626865672,9.671452479520832,-3.043164674142341,0.380494507174769,0.7507781430417404,0.6652991438591156,0.8240109725241751,1688.0,3.0,2.0,2.0,1.0,1.0,1.0,6380.0,20.0,45.0,4.0,0.2708,39.277,0.0,0.375,607.33,1432.17,0.69044,0.525645,1.308419,26.3543,24.9578,883.75,841.25,33.8956,30.5269
Gemini 2.5 Flash Preview 09-2025 Nonthinking,0.0,0.0,23.0,,,,,,,,,,,,,,,,,,,,,,,,,0.0,0.0,0.567,0.766,0.078,0.435,0.567,0.625,0.836,0.375,0.284,0.144,,,,,,44.88,855.66,-38.117,0.2665,,,42.9348437656199,3.782707712906885,46.89564068692206,37.64510779436153,19.184356557738045,3.292145205374528,0.4122708365319841,0.8837958026768402,0.4808870584128463,0.440908153700972,1810.0,0.0,7.0,7.0,0.7777777777777778,1.0,1.0,6164.0,20.0,41.0,12.0,0.0833,24.0585,0.05,0.0,720.52,0.0,-0.731174,-0.682995,-0.872609,27.8841,19.6035,820.0,841.25,28.3529,28.4686
Claude Sonnet 4.5,0.0,0.0,7.9,51.923,15.25,70.0,32.0,76.056,76.087,45.0,20.0,80.0,8.0,82.852,6.341,36.635,80.667,57.328,90.0,23.52,,,46.1,,,25.5,3.8,3.0,15.0,0.37,0.727,0.071,0.427,0.513,0.59,0.86,0.428,0.705,0.288,0.2656666666666666,0.4670290196078431,149.9,1186.0,1303.0,66.88,1329.44,-9.2,0.2752,,1453.0,15.198382935827734,2.784911418480047,33.42140026420079,16.81592039800995,14.348630317977632,22.702193804171177,0.6009163578742595,1.2821685999285313,0.8494770021431045,0.3527061276712535,1200.4,0.0,3.0,5.4,0.8888888888888888,1.0,1.0,5330.0,24.2,35.6,5.4,0.2708,42.588,0.0,0.375,369.92,0.0,0.414185,-1.215679,1.450431,27.4447,21.8116,866.25,850.0,31.8304,30.3484
Claude Sonnet 4.5 Thinking,1.0,28.0,7.4,78.846,67.5,96.0,68.0,80.282,80.435,40.0,45.0,75.0,47.0,83.058,27.379,45.481,91.333,62.023,76.0,53.35,,,48.2,97.2,1536.7,63.7,13.6,3.0,15.0,0.88,0.834,0.173,0.573,0.657,0.714,0.875,0.447,0.781,0.356,0.4338,0.4770617647058823,124.9,1274.0,1366.0,64.18,1326.92,0.333,0.3238,0.011,1453.0,12.122611315785475,2.5743367969268167,31.704095112285337,16.218905472636816,13.10666784109927,31.54603285882299,0.6401280219446516,1.0800390617936004,0.8554671119288204,0.3957919370028269,1160.8,0.0,4.2,3.4,0.8888888888888888,1.0,1.0,4941.2,19.8,35.6,7.4,0.2917,59.934,0.0,0.4167,1738.62,1110.71,0.541204,-1.009056,0.332366,27.6085,34.5294,915.0,895.0,39.2261,29.7681
DeepSeek V3.2 Exp,0.0,0.0,10.0,50.0,12.0,80.0,40.0,74.648,71.739,30.0,25.0,55.0,13.0,77.04,2.602,32.135,79.333,45.455,72.0,19.33,,,20.7,86.3,,,,,,,,,,,,,,,,,,,1145.0,1108.0,51.04,1093.18,-47.083,0.227,0.014,1423.0,42.42155569152051,3.770955992724024,33.02509907529723,38.47429519071311,16.013388531665644,1.759147262612411,0.5310678883822583,0.9445760953994128,0.4953191489361702,0.7332135028873422,1443.8,0.0,7.4,3.4,0.7777777777777778,1.0,1.0,4500.4,17.2,19.8,4.8,0.2292,34.9895,0.0,0.2917,720.38,0.0,0.408427,0.810513,1.14546,20.7423,21.1732,813.75,826.25,32.8506,29.1738
DeepSeek V3.2 Exp (Reasoning),1.0,36.0,3.8,69.231,30.25,88.0,70.0,66.197,73.913,25.0,20.0,50.0,59.0,82.424,8.947,45.558,87.667,47.526,78.0,41.27,,,59.4,95.5,,,,0.28,0.42,0.877,0.797,0.138,0.541,0.69,0.789,0.85,0.377,0.339,0.311,0.0988,0.3947509803921568,144.3,1103.0,1092.0,54.0,1010.83,-29.933,0.2825,0.014,1425.0,21.36399488543789,3.1074522944681595,28.13738441215324,29.61857379767828,13.3180657095041,0.3806278747139038,0.6632368660561683,1.016282828518791,0.8928746986793683,1.0166724176213624,424.0,0.0,0.0,0.0,0.8888888888888888,0.8888888888888888,0.8888888888888888,3607.4,14.8,30.2,5.6,0.2708,46.6315,0.1,0.2917,315.33,3930.81,1.317556,0.972803,-1.210992,23.6912,33.3036,816.25,857.5,30.586,27.9793
GLM-4.6,1.0,53.0,4.9,50.0,48.25,90.0,60.0,74.648,67.391,30.0,20.0,55.0,50.0,81.414,12.362,43.481,71.0,49.959,56.0,26.19,,,24.2,,,,,0.575,2.2,0.86,0.78,0.133,0.434,0.543,0.695,0.829,0.384,0.705,0.25,,,,1142.0,1182.0,53.31,1038.44,-41.733,0.2732,0.011,1426.0,31.377142429458864,3.4774526932575056,36.459709379128135,29.29242675511332,14.846296133180658,-4.44111589023705,0.5706381509682789,1.047926997666614,0.8710628005907157,1.0886234611876386,585.4,0.0,0.6,1.1666666666666667,0.7777777777777778,1.0,1.0,5498.8,20.0,24.4,4.8,0.2708,44.45,0.0,0.375,566.88,2812.85,0.987728,-0.953322,-0.492555,27.4839,33.3754,797.5,836.25,28.5841,30.9323
Claude Haiku 4.5,0.0,0.0,8.3,50.0,9.75,58.0,18.0,70.423,73.913,30.0,25.0,45.0,4.0,71.259,2.988,38.269,71.333,37.804,62.0,17.75,,,20.0,,,14.3,1.3,1.0,5.0,0.39,0.646,0.043,0.42,0.437,0.511,0.8,0.344,0.325,0.273,0.1414,0.4539612418300653,128.0,1165.0,1282.0,52.16,1144.58,-7.667,0.1367,,1407.0,12.713277292275867,2.618364508937452,33.2892998678996,16.15257048092869,12.23465163392936,37.34628456074152,0.5948787973049701,0.975791149451018,0.6208455837814824,0.5297204022230673,1195.4,0.0,3.2,4.0,0.7777777777777778,1.0,1.0,4567.4,18.6,27.4,4.8,0.1042,28.6745,0.0,0.0417,369.0,0.0,0.129821,-0.835251,-0.446457,24.8463,27.6351,866.25,843.75,32.6621,31.2409
Claude Haiku 4.5 Thinking,1.0,33.0,8.0,44.231,58.5,90.0,54.0,76.056,69.565,40.0,20.0,65.0,38.0,80.03,39.232,42.577,84.833,42.53,72.0,49.78,,,,96.1,,47.7,4.0,1.0,5.0,0.837,0.672,0.097,0.543,0.703,0.615,0.76,0.433,0.547,0.273,0.0934999999999999,0.4414774509803922,116.0,1215.0,1348.0,49.08,1212.38,-4.217,0.1743,,,12.881881982997168,2.630584535440336,42.53632760898283,17.91044776119403,11.785431163569102,22.894726555390136,0.7268243481970987,1.229240055387376,0.8942842606987601,0.6208492774098225,1079.4,0.4,3.2,0.8,1.0,1.0,1.0,5567.4,30.0,40.4,0.8,0.125,26.3115,0.0,0.0833,3409.38,1674.42,0.008678,-0.156876,-0.1808,22.8464,29.007,872.5,873.75,38.366,33.0627
MiniMax M2,1.0,65.0,4.6,,,,,,,,,,,,,,,,,,,,27.6,75.5,,,,0.3,1.2,0.783,0.777,0.125,0.723,0.61,0.826,0.82,0.361,0.868,0.258,,,,1152.0,1192.0,17.22,1048.83,-46.933,0.2202,0.009,1347.0,30.68803212355341,3.45593907406416,27.741083223249667,35.58872305140962,10.305646084735312,14.715099499449142,0.6898955162010756,1.2144537698832645,0.9709054357175928,0.7393701657261899,934.2,0.0,3.4,2.2,0.7777777777777778,1.0,1.0,7452.6,17.2,71.4,13.6,0.1562,29.125,0.025,0.125,361.21,4217.38,0.115088,-0.787835,-0.785002,27.8293,28.0442,810.0,848.75,23.4848,24.7154
Kimi K2 Thinking,1.0,95.0,4.8,57.692,46.25,92.0,58.0,71.831,63.043,40.0,20.0,55.0,52.0,80.305,15.719,45.058,88.0,43.36,68.0,62.03,,,56.7,88.5,,,,0.6,2.5,0.947,0.838,0.223,0.681,0.663,0.853,0.848,0.424,0.93,0.311,0.0958333333333333,0.4278670588235294,135.0,1102.0,1040.0,59.28,1009.57,-20.483,0.3002,0.026,1430.0,17.741522006172854,2.9307414904906297,25.62747688243065,26.202321724709783,11.91755483132212,12.084022014553836,0.4979160893492402,1.4113525373539753,0.7738372693530834,0.9834294677329636,933.8,0.0,2.0,1.8,0.6666666666666666,1.0,1.0,5011.0,18.8,28.4,3.4,0.4167,41.1775,0.0,0.6667,290.56,6828.04,1.407612,-0.034089,0.067774,37.2431,28.5904,890.0,861.25,35.9692,42.1021
GPT-5.1 (high),1.0,64.0,5.2,76.923,80.25,92.0,66.0,,,50.0,45.0,65.0,67.0,88.5,64.684,44.135,97.333,60.448,80.0,63.9,,,69.9,,1616.2,72.8,17.6,1.25,10.0,0.94,0.873,0.265,0.729,0.75,0.868,0.87,0.433,0.819,0.455,0.3448,0.6076820261437909,192.0,1288.0,1294.0,55.76,1233.6,5.55,0.3758,0.049,1455.0,21.29980639822717,3.1045779967345384,30.383091149273444,29.253731343283583,25.23562054082621,17.368809125438588,0.8738356587173078,1.4257273539189272,1.1059227722774558,0.9935920125522202,523.2,0.0,1.0,1.0,0.4444444444444444,1.0,1.0,7111.2,20.6,65.2,29.4,0.4896,56.1945,0.1,0.75,260.29,3311.85,0.217156,0.281373,1.650168,28.6662,36.9542,907.5,857.5,33.2264,31.1787
GPT-5.1 (Non-reasoning),0.0,0.0,3.9,,,,,,,,,,,,,,,,,,,,22.1,,,5.8,0.4,1.25,10.0,0.38,0.643,0.052,0.432,0.44,0.494,0.801,0.365,0.465,0.227,,,,,,,1000.0,-34.95,0.2907,,1439.0,18.303830740025635,2.960303560154661,28.269484808454425,26.268656716417908,22.01180304765261,19.42906586671792,0.8858937651648248,1.5012277707379724,1.2749411942180262,1.1961140650222943,611.6,0.0,0.0,3.8,0.4444444444444444,0.8888888888888888,1.0,6000.8,15.2,57.0,18.8,0.3021,28.8805,0.15,0.4167,282.6,0.0,-0.354901,1.644086,0.889992,30.3062,30.6238,897.5,872.5,31.8107,28.9962
Grok 4.1 Fast,1.0,50.0,2.8,61.538,95.25,94.0,70.0,71.831,67.391,25.0,20.0,50.0,65.0,78.802,29.941,38.538,99.333,47.648,76.0,28.2,,,93.5,99.0,1175.0,,,0.2,0.5,0.893,0.853,0.176,0.527,0.68,0.822,0.854,0.442,0.933,0.242,,,,1172.0,1183.0,51.28,1054.53,-28.733,0.2533,0.029,1431.0,12.69525175819615,2.6170491857659446,15.191545574636722,17.28026533996683,9.01083414075575,18.780582090418765,0.7085148709310066,1.1606497104951992,1.026834893021896,1.1493632331083667,214.4,0.0,1.0,0.0,0.5555555555555556,1.0,0.7777777777777778,3447.4,7.6,25.2,4.8,0.4583,52.549,0.2,0.5833,197.35,3205.83,2.346497,3.744543,-1.466827,34.7139,39.1397,850.0,841.25,25.1801,32.9675
Grok 4.1 Fast (Non-Reasoning),0.0,0.0,4.4,40.385,9.0,36.0,8.0,56.338,52.174,10.0,5.0,15.0,5.0,58.582,5.308,26.327,44.167,41.855,64.0,16.98,,,25.8,90.7,,,,0.2,0.5,0.343,0.637,0.05,0.365,0.22,0.399,0.743,0.296,0.637,0.144,,,,1214.0,1241.0,41.88,799.2,-50.95,0.1697,,,20.976226079137543,3.089961236287269,16.6446499339498,19.203980099502488,10.83414075574738,16.08336086424717,0.4460014108414608,0.9422075684480656,0.5688380049270645,0.7274175666954633,521.2,0.0,2.0,1.2,0.7777777777777778,1.0,1.0,3369.4,6.0,21.2,4.4,0.2083,31.105,0.15,0.2083,395.33,0.0,-0.034376,1.714543,-0.635871,38.8422,36.8871,845.0,843.75,26.7071,29.9434
Gemini 3.0 Pro Preview (2025-11-18),1.0,51.0,5.0,76.923,64.75,98.0,70.0,77.465,71.739,60.0,35.0,70.0,45.0,90.25,73.342,51.788,100.0,69.863,84.0,65.85,,,96.8,99.8,1555.5,75.0,31.1,2.0,12.0,0.957,0.908,0.372,0.704,0.707,0.917,0.898,0.561,0.871,0.417,0.6848333333333333,0.6992552941176472,175.0,1275.0,1343.0,66.71,1194.73,15.8,0.559,0.091,1486.0,26.35406356984083,3.308865094425396,29.06208718626156,30.67993366500829,17.51959834405003,5.670720209516794,0.4345611470720245,0.9839229333860324,0.5653644810018152,0.7313791279272108,843.3333333333334,0.0,5.0,3.0,0.6666666666666666,1.0,1.0,3678.6666666666665,14.666666666666666,28.0,3.0,0.7185,72.3992,0.5091,0.858,390.59,3298.34,-3.030392,-0.929047,-0.048545,34.8401,33.7257,892.5,855.0,30.6689,
Gemini 3.0 Pro Preview (2025-11-18) (Low),1.0,4.1,12.0,,,,,,,,,,,,,,,,,,,,,,,,,2.0,12.0,0.867,0.887,0.276,0.497,0.673,0.857,0.895,0.499,0.681,0.341,,,,,,65.59,1172.09,2.15,0.4707,,,35.49784546715913,3.5972532305491973,29.94275649493615,31.398562741846327,20.065181009424823,8.054095815854327,0.6804262475874877,0.8181861188546926,0.6371537769382846,0.840416778839417,1140.3333333333333,0.0,5.0,3.6666666666666665,0.8888888888888888,1.0,1.0,3380.0,13.333333333333334,19.666666666666668,3.6666666666666665,0.5833,60.841,0.4,0.6667,479.23,125.35,-2.329042,-1.111609,0.797832,28.2481,33.3223,870.0,846.25,34.9345,35.3844
GPT-5.1 Codex,1.0,54.0,3.0,76.923,89.0,98.0,64.0,71.831,71.739,45.0,50.0,65.0,45.0,82.244,44.644,41.519,96.5,41.937,70.0,63.39,,,,,,,,1.25,10.0,0.957,0.86,0.234,0.7,0.673,0.849,0.86,0.402,0.83,0.348,,,,,1239.0,,1196.06,-6.017,0.392,0.057,,7.544638581237637,2.145304019738315,8.3223249669749,9.12106135986733,6.430018497313488,58.95698405811112,0.8383491889607717,1.7467170372339265,1.396446356178321,1.3839716570086658,263.6,0.0,0.0,0.0,0.3333333333333333,0.7777777777777778,0.6666666666666666,3004.8,6.8,22.4,6.4,0.3958,43.8695,0.1,0.5833,160.46,1816.0,-0.133388,0.053549,1.783913,29.0393,28.8671,892.5,873.75,23.4152,29.9506
GPT-5.1 Codex Max,1.0,,,,,,,,,,,,,,65.12,45.25,90.0,57.441,82.0,70.38,,,,,,,,1.25,10.0,,,,,,,,,,,,,,,1208.0,,,,,,,7.781754956367634,2.1726762688087184,5.5482166446499335,8.391376451077944,3.937285299039902,54.95248503628552,1.0488053284121326,3.0000000000000004,1.892982932846966,1.3419993581927758,194.8,0.0,0.0,0.0,0.1111111111111111,0.5555555555555556,0.5555555555555556,4880.0,8.4,34.2,7.2,0.5,52.038,0.1,0.75,140.48,7896.0,0.645237,0.158033,1.202364,33.0029,30.2263,847.5,868.75,28.0689,22.9952
GPT-5.1 Codex Mini,1.0,72.0,2.5,53.846,53.0,94.0,58.0,74.648,65.217,25.0,30.0,65.0,32.0,80.904,8.528,40.577,97.0,30.039,62.0,59.02,,,,,,,,0.25,2.0,0.917,0.813,0.169,0.679,0.627,0.836,0.82,0.426,0.629,0.333,,,,,1098.0,,1040.75,-16.517,0.2272,,,7.891384119211377,2.1850827313563044,8.322324966974902,12.598910210850512,8.440814888449875,52.83411203844064,0.8352042401240728,1.535298947157477,1.5916544001115531,1.6569993535412295,325.4,0.0,0.0,0.0,0.3333333333333333,0.6666666666666666,0.5555555555555556,2422.4,4.4,13.4,4.2,0.0833,24.6095,0.0,0.0,145.83,1753.33,-0.000402,-0.907505,-0.711608,26.0595,29.901,833.75,870.0,22.804,21.5286
Olmo 3 32B (Reasoning),1.0,41.0,1.8,,,,,,,,,,,,,,,,,,,,,,,,,0.0,0.0,0.737,0.61,0.059,0.491,0.0,0.672,0.759,0.286,0.0,0.015,,,,,,,,-58.4,0.1445,,1305.0,24.879413678156283,3.2534478139725183,23.91017173051519,37.11442786069652,21.16621157403329,2.561623559611866,0.3210892772763156,0.566089437279715,0.5981147420403601,0.7244490639658467,1438.2,0.0,7.6,1.4,0.8888888888888888,1.0,1.0,2246.8,4.4,19.8,1.4,0.25,29.8285,0.0,0.3333,509.83,5996.75,0.89111,-0.49344,0.257597,27.36,32.5863,833.75,855.0,22.2239,24.6121
Claude Opus 4.5,0.0,0.0,7.9,59.615,18.0,80.0,62.0,83.099,73.913,65.0,55.0,70.0,8.0,87.388,1.951,38.808,89.667,62.303,84.0,28.95,,,61.3,,,40.0,7.8,5.0,25.0,0.627,0.81,0.129,0.43,0.653,0.738,0.889,0.47,0.863,0.409,,,,1231.0,1421.0,70.4,1418.49,-3.95,0.4073,0.003,1468.0,13.708858314800985,2.6884499187393804,41.34742404227213,17.379767827529022,10.64916762089316,20.64035393756462,0.6818411278765758,1.044959232354456,0.95390021301634,0.4356821704519489,1135.8,0.0,2.2,3.6,0.8888888888888888,1.0,1.0,5348.6,25.6,41.0,4.6,0.1875,44.3015,0.0,0.2083,336.75,0.0,0.834356,-0.76063,0.19607,23.0121,23.0941,892.5,856.25,37.828,36.9226
Claude Opus 4.5 Thinking,1.0,27.0,7.6,,,,,78.873,80.435,50.0,55.0,85.0,78.0,89.458,79.363,45.923,99.333,66.45,78.0,62.55,,,63.8,97.2,1600.8,80.0,37.6,5.0,25.0,0.913,0.866,0.284,0.58,0.74,0.871,0.895,0.495,0.895,0.47,0.6082000000000001,0.6374237581699346,126.4,1301.0,1450.0,70.34,1441.74,13.267,0.4572,0.046,1474.0,11.018657265195696,2.4864602144808337,40.55482166446499,16.019900497512438,9.03725887430635,38.12713175050375,0.6003940653148294,1.1045587716853054,0.6700774930649064,0.5837251214984862,936.8,0.0,4.0,0.6,0.8888888888888888,1.0,1.0,4365.4,26.2,29.0,0.6,0.3958,52.333,0.0,0.625,1665.02,1507.71,1.593483,-1.029959,0.060969,28.6032,27.3754,888.75,860.0,33.2568,32.4561
DeepSeek V3.2,1.0,57.0,4.2,76.923,69.75,98.0,64.0,66.197,63.043,30.0,30.0,60.0,63.0,85.037,8.402,41.596,93.5,45.726,72.0,48.19,,,,87.4,,57.0,4.0,0.28,0.42,0.92,0.84,0.222,0.607,0.65,0.862,0.862,0.389,0.906,0.356,,,,1157.0,1173.0,57.28,1199.27,-20.883,0.3347,0.029,1422.0,19.10574718298691,3.001005703696817,25.49537648612945,26.600331674958543,11.574033295164275,5.25470145999885,0.6594282659638707,1.1966640656580312,0.937514578778582,1.0854163668806205,527.0,0.0,0.2,0.6,0.5555555555555556,1.0,1.0,4196.6,15.4,33.4,4.6,0.375,45.8925,0.05,0.5417,227.71,5333.56,2.261112,0.698716,-0.507282,29.614,27.9762,878.75,855.0,30.3622,28.3675
DeepSeek V3.2 (Non-Reasoning),0.0,0.0,15.0,50.0,9.0,76.0,42.0,77.465,73.913,40.0,30.0,70.0,10.0,74.346,1.678,35.385,81.833,44.885,66.0,23.06,,,,,,,,0.28,0.42,0.59,0.751,0.105,0.49,0.39,0.593,0.837,0.387,0.789,0.326,,,,,,56.3,884.64,-46.733,0.2417,0.009,1424.0,40.82868956007194,3.733582457209903,30.80245748673753,39.2574166206007,16.19374782415389,6.232796802683757,0.6250396067172012,0.8399724936738924,0.4161136843684083,0.7079707632586242,1473.3333333333333,0.0,5.833333333333333,4.142857142857143,0.8888888888888888,1.0,1.0,4111.428571428572,15.714285714285714,30.571428571428573,4.142857142857143,0.1979,33.058,0.0,0.2292,1005.19,0.0,0.221345,-0.226461,0.823327,27.2246,25.6109,866.25,867.5,31.0774,
DeepSeek V3.2 Speciale,1.0,85.0,0.8,,,,,,,,,,,,,,,,,,,,,,,,,0.0,0.0,0.967,0.871,0.261,0.639,0.593,0.896,0.863,0.44,0.0,0.348,0.3363333333333334,0.4672919467787115,139.0,1052.0,1031.0,53.95,500.0,-16.483,0.3835,0.074,,14.052882227420058,2.71156948298674,15.984147952443855,16.517412935323385,6.764731788954463,19.45325484886748,0.88085535659636,1.3740772341242078,1.184372958320712,1.3535773181176054,336.8,0.0,0.0,0.0,0.5555555555555556,0.8888888888888888,0.8888888888888888,5224.6,9.8,35.4,6.8,0.4375,44.3575,0.1,0.625,207.19,7274.12,1.980258,1.442934,-0.35135,30.7788,26.4017,827.5,833.75,22.8644,24.3719
Mistral Large 3 (2025-12-1),0.0,0.0,5.2,,,,,,,,,,,,,,,,,,,,16.8,,,,,0.5,1.5,0.38,0.68,0.041,0.362,0.347,0.465,0.807,0.362,0.246,0.159,,,,1144.0,1137.0,41.64,874.31,-39.433,0.2412,,1416.0,47.65203810484852,3.8846937009682594,55.35006605019813,73.49917081260364,38.15731524707126,11.119927096611203,0.4405250958244049,0.7992438868489098,1.1630715867343464,1.254632339365309,2437.6,1.0,3.6,1.2,1.0,1.0,1.0,5666.6,14.8,38.8,1.2,0.1562,27.6625,0.0,0.1458,1324.06,0.0,0.015488,0.406095,0.217306,25.5003,23.7617,842.5,857.5,18.5014,15.6726
Nova 2 Lite,1.0,58.0,4.2,,,,,,,,,,,,,,,,,,,,,98.1,,,,0.3,2.5,0.887,0.768,0.086,0.685,0.583,0.663,0.813,0.368,0.757,0.174,,,,1114.0,1032.0,23.42,664.57,-55.617,0.1828,,1337.0,48.19742042255327,3.89584119168783,63.408190224570674,86.16915422885573,42.51739628292082,-12.768339528507411,0.3233089540843216,0.5299156035398468,0.5057753871150727,0.7036993162998703,1054.0,0.0,4.2,5.0,0.8888888888888888,1.0,1.0,5213.0,16.2,59.4,6.4,0.2083,27.192,0.0,0.25,,,1.244314,-1.645073,-1.169522,33.8833,21.8539,822.5,866.25,29.2425,31.3071
GPT-5.2 (high),1.0,,,,,,,76.056,76.087,50.0,35.0,70.0,92.0,88.566,88.913,45.577,99.0,58.427,82.0,61.77,,,77.9,,1597.1,78.7,43.3,1.75,14.0,,,,,,,,,,,,,,1222.0,1304.0,49.42,,,,,1442.0,12.74844906608996,2.6209260225572666,23.38177014531044,26.53399668325041,12.102527966176345,23.87155169701781,0.7283251065029945,1.2465407463184337,0.8074407442869388,1.1460270869639275,415.0,0.0,3.2,0.0,0.5555555555555556,1.0,0.8888888888888888,4107.2,12.0,34.4,8.6,0.4271,45.8695,0.0,0.7917,223.67,951.79,1.134852,0.632544,1.419075,32.9156,31.8531,922.5,878.75,35.3709,33.9965
GPT-5.2 (medium),1.0,17.0,4.9,,,,,,,,,,,,,,,,,,,,72.1,99.8,,72.7,26.7,1.75,14.0,0.967,0.864,0.249,0.652,0.633,0.894,0.859,0.462,0.743,0.432,0.5578333333333333,0.6343846405228757,159.9,,,44.1,1406.89,0.017,0.3773,0.079,,13.928242253966374,2.703254872132904,23.117569352708056,25.771144278606968,12.974544173346253,20.051640197118648,0.723178223688694,1.2877983109928035,0.82785085318792,1.1079452389287516,569.4,0.0,3.6,0.0,0.4444444444444444,1.0,0.8888888888888888,4434.6,12.2,39.2,8.0,0.3438,45.3735,0.0,0.625,236.25,535.15,0.913489,-0.178495,1.044321,37.3211,26.3587,921.25,882.5,35.8128,34.6768
GPT-5.2 (Non-reasoning),0.0,0.0,3.8,32.692,10.5,74.0,54.0,74.648,78.261,35.0,35.0,50.0,7.0,81.356,5.485,37.558,48.833,45.067,56.0,27.2,,,27.5,99.4,,12.3,0.8,1.75,14.0,0.51,0.712,0.073,0.474,0.38,0.669,0.814,0.404,0.465,0.318,0.4440000000000001,0.4960457282913166,114.3,,,39.19,1227.47,-13.717,0.2928,0.006,1440.0,12.323090426525797,2.589498652204594,23.778071334214,28.524046434494192,13.846560380516165,23.6745193191586,0.7264567351477951,1.2745097096530886,0.9914486617972672,1.3304552932094118,470.4,0.0,0.6,0.8,0.5555555555555556,1.0,1.0,3953.6,9.4,32.8,6.8,0.1146,22.0305,0.15,0.0625,258.1,0.0,-0.998043,1.563254,-1.462749,39.4324,41.3649,917.5,885.0,34.2929,34.216
GPT-5.2 (xhigh),1.0,130.0,4.6,,,,,,,,,,,,,,,,,,,,89.3,99.9,,86.2,52.9,1.75,14.0,0.99,0.903,0.354,0.754,0.727,0.889,0.874,0.521,0.848,0.47,0.6355999999999999,0.7219309803921569,227.6,1176.0,1224.0,,1465.33,-1.0,0.438,0.116,,10.452318432260052,2.438192192670116,18.626155878467635,21.47042564953012,7.73363868580992,29.67616706747484,0.8788353514833365,1.566758005357478,0.948411858022785,1.303648406962195,400.0,0.0,0.6,0.0,0.4444444444444444,1.0,0.7777777777777778,4381.4,14.4,37.4,7.4,0.5208,59.0005,0.05,0.8333,202.33,6024.73,1.664104,-0.133922,0.662753,34.2873,28.0119,921.25,885.0,36.0298,37.1326
Nemotron 3 Nano 30B A3B (Reasoning),1.0,,,,,,,,,,,,,,,,,,,,,,,42.4,,,,0.06,0.24,0.91,0.757,0.102,0.711,0.337,0.741,0.794,0.296,0.409,0.136,,,,1110.0,1020.0,,590.09,-51.633,0.1712,0.009,1318.0,45.4397335319422,3.8381554189136207,38.0449141347424,46.0033167495854,10.860565489297985,4.300653350195988,0.7531172539476791,1.0399725807683586,0.9438908641959028,0.9465941200228488,793.8,0.0,1.0,0.4,0.6666666666666666,1.0,1.0,6458.4,18.0,46.4,4.8,0.0833,25.775,0.0,0.0,667.69,3989.98,-0.000402,-0.907505,-0.711608,33.1664,36.5086,746.25,842.5,21.7352,18.1167
MiMo-V2-Flash (Reasoning),1.0,94.0,4.1,,,,,,,,,,,,,,,,,,,,,,,,,0.1,0.3,0.963,0.846,0.211,0.642,0.63,0.868,0.843,0.394,0.95,0.28,,,,986.0,,44.85,1098.91,-43.45,0.2492,0.043,1387.0,26.54199703447514,3.3157120046321067,27.269296093602563,33.34517886756693,17.712121402775857,-5.681043633346562,0.5434741111832716,1.0768113830918993,0.8584874399057602,1.0070269229737423,648.1666666666666,0.0,0.5,0.0,0.8888888888888888,1.0,0.8888888888888888,3980.285714285714,15.857142857142858,34.57142857142857,5.571428571428571,0.3542,40.2825,0.15,0.4167,372.02,6575.27,2.628008,0.798672,-2.679056,28.4028,23.3614,752.5,837.5,24.9845,32.8339
Gemini 3.0 Flash Preview (2025-12-17),1.0,68.0,4.2,82.692,47.5,96.0,72.0,,,,,,56.0,89.56,74.837,51.442,100.0,65.694,88.0,74.86,,,92.0,99.7,,84.7,33.6,0.5,3.0,0.97,0.898,0.347,0.78,0.663,0.908,0.89,0.506,0.804,0.386,0.372,0.6160434640522875,119.5,1248.0,1290.0,63.27,1207.62,11.567,0.54,0.086,1474.0,25.632575081530995,3.282135093668715,34.59379128137384,25.17965726920951,13.057121465691887,9.319049351068202,0.3209462308381038,0.6637119508443312,0.5213185299078357,0.7546601919075747,1130.8333333333333,0.375,5.666666666666667,1.3333333333333333,1.0,1.0,1.0,3560.833333333333,12.666666666666666,23.83333333333333,4.833333333333333,0.7095,73.3598,0.515,0.804,416.13,3217.04,-0.665981,1.284501,-0.804463,31.5947,32.1161,857.5,857.5,31.3333,
Gemini 3.0 Flash Preview (2025-12-17) (Minimal),0.0,0.0,4.1,,,,,78.873,78.261,40.0,35.0,55.0,,,,,,,,,,,,99.4,,21.5,3.3,0.5,3.0,0.557,0.812,0.141,0.551,0.48,0.797,0.882,0.499,0.433,0.318,,,,1227.0,1217.0,65.05,1121.28,-3.617,0.4552,0.014,1463.0,24.74993758580316,3.248432203254503,33.15719947159842,25.140961857379768,12.736721571390824,12.15877200448132,0.2266624240965866,0.5757868111528683,0.4658796614568473,0.6460818592204555,1518.2,0.0,7.2,4.0,0.8888888888888888,1.0,1.0,3236.2,11.0,21.0,4.6,0.3229,27.24,0.05,0.5,461.54,0.0,-0.629764,0.512823,2.61737,29.6529,31.3948,848.75,863.75,34.5327,28.4988
GLM-4.7,1.0,160.0,6.8,76.923,18.0,82.0,62.0,78.873,67.391,25.0,35.0,65.0,35.0,79.918,18.149,47.365,70.5,53.179,72.0,35.66,,,,98.2,1458.0,,,0.55,2.15,0.48,0.664,0.061,0.546,0.363,0.562,0.794,0.354,0.942,0.303,,,,1134.0,1163.0,47.38,1201.13,-34.6,0.2927,0.017,1443.0,19.399871141507244,3.015528584237438,24.83487450462352,20.961857379767828,9.03725887430635,8.087999346126537,0.7960111053268468,1.3865313412445852,1.1413157286293705,1.3292911326512855,685.2,0.0,0.0,0.0,0.4444444444444444,0.8888888888888888,0.8888888888888888,4314.2,16.6,24.6,4.0,0.5729,60.664,0.15,0.8542,309.92,7208.71,2.54582,1.445978,-0.824154,31.1183,37.4893,828.75,832.5,38.6033,33.1323
MiniMax M2.1,1.0,51.0,7.4,,,,,,,,,,,,,,,,,,,,,83.0,,,,0.3,1.2,0.827,0.83,0.222,0.699,0.59,0.81,0.875,0.407,0.854,0.288,,,,1156.0,1199.0,41.64,1087.93,-32.833,0.2047,0.003,1386.0,36.7920934689889,3.632099913259906,33.68560105680317,23.847429519071312,7.663172729674978,-0.2169417566217261,0.6512606376270162,1.2075024984392473,0.9656162145511522,0.4530667539657135,1068.8,0.0,0.4,3.2,0.8888888888888888,1.0,1.0,8543.0,22.4,51.4,8.8,0.1667,37.475,0.0,0.2083,416.75,3150.17,-0.267155,-0.003347,0.231984,30.5103,29.7808,827.5,882.5,31.0256,25.2475
GLM-4.7 Flash,1.0,56.0,7.9,,,,,,,,,,,,,,,,,,,,,,1055.3,,,0.07,0.4,,0.581,0.071,0.608,0.35,,,0.337,0.988,0.22,,,,973.0,867.0,14.66,854.52,-59.333,0.159,0.003,1369.0,17.75207353831708,2.931304335012184,23.513870541611624,20.464344941956885,9.03725887430635,14.362064268463865,0.7065099300167675,1.2687832539829953,0.8905378307429155,1.1764793816956414,622.8,0.0,0.2,0.4,0.5555555555555556,1.0,1.0,3870.0,14.4,25.4,1.8,0.2188,46.099,0.0,0.2708,551.5,7805.81,0.473734,-0.951916,0.426982,24.045,34.2753,812.5,811.25,26.5127,23.7048
Kimi K2.5,1.0,82.0,6.8,73.077,70.75,94.0,66.0,77.465,78.261,35.0,35.0,75.0,61.0,88.354,42.186,47.769,98.0,54.998,80.0,57.41,,,,98.7,1552.5,65.3,11.8,0.6,3.0,,0.879,0.294,0.702,0.653,,,0.49,0.959,0.348,0.2258,0.4560442810457516,104.8,1191.0,1293.0,62.42,1277.49,-8.117,0.3432,0.031,1454.0,19.69663298306364,3.0299710292180926,19.28665785997358,26.00331674958541,11.04553862415221,16.514811917040337,0.5137630311901831,1.3623768044589677,0.6910625087707499,0.957579018476384,1118.4,0.0,3.8,1.2,0.5555555555555556,1.0,1.0,5069.0,12.6,36.2,3.2,0.375,51.093,0.0,0.5833,655.42,5510.56,0.814474,0.661649,1.646198,31.9206,34.9986,891.25,883.75,38.4345,34.453
Step 3.5 Flash,1.0,,,,,,,,,,,,,,,,,,,,,,,,,,,0.1,0.3,,0.831,0.191,0.646,0.43,,,0.404,0.944,0.273,,,,1167.0,1096.0,45.87,1071.82,-40.9,0.239,0.025,1391.0,24.161909492348823,3.225331322924967,22.72126816380449,38.60696517412936,14.137232449572805,-6.3558815743037975,0.8232530165494719,1.226709742710559,1.0636330153875495,1.183895442085914,440.4,0.0,0.2,0.2,0.5555555555555556,1.0,1.0,4480.8,13.4,44.0,6.4,0.3958,31.142,0.15,0.5,254.92,12752.92,1.359889,-0.368843,-2.707565,31.6666,26.9021,825.0,846.25,34.612,
Claude Opus 4.6,0.0,0.0,11.0,,,,,,,,,,,,,,,,,,,,,,,,,5.0,25.0,,0.84,0.186,0.446,0.583,,,0.457,0.848,0.485,0.4338000000000001,0.658667973856209,90.4,1430.0,1592.0,,1580.94,3.467,0.4515,0.028,1500.0,18.80722675273981,2.9860468586208624,41.743725231175695,23.71475953565506,9.48647934466661,14.630315493483334,0.5396894628367419,1.0929479084512888,0.6889355566113896,0.6738341421329409,1269.6,0.0,4.8,0.0,0.8888888888888888,1.0,0.8888888888888888,5392.2,26.8,39.8,0.0,0.2292,43.387,0.0,0.2917,453.6,0.0,1.462088,-1.044912,-0.109779,29.6941,23.7076,910.0,862.5,42.8155,33.8041
Claude Opus 4.6 Thinking,1.0,54.0,8.2,82.692,94.0,98.0,80.0,80.282,76.087,60.0,45.0,80.0,73.0,92.17,63.467,48.173,99.333,66.476,84.0,63.31,,,,,1846.6,93.0,68.8,5.0,25.0,,0.896,0.367,0.531,0.707,,,0.519,0.921,0.462,0.275,0.7794985294117648,114.8,1458.0,1575.0,70.7,1594.83,13.5,0.4638,0.126,1504.0,15.2137705868714,2.7858609173887787,43.306913254073095,23.3665008291874,7.319651193517133,7.494493985788416,0.6258839718902813,1.0831782063709297,0.7281573648469293,0.9784208268883088,692.2,1.0,4.0,0.0,1.0,1.0,0.8888888888888888,5467.2,27.6,41.4,0.0,0.5104,60.551,0.15,0.75,3654.98,1891.44,0.828423,-1.188293,-0.894942,35.3015,34.4877,912.5,875.0,44.75,33.5833
GPT-5.3 Codex,1.0,73.0,4.2,,,,,,,60.0,65.0,75.0,,,,,,,,71.34,,,,,,,,1.75,14.0,,0.915,0.399,0.754,0.74,,,0.532,0.909,0.53,0.8634999999999999,0.7929985294117647,299.6,,1358.0,,1461.14,9.883,0.5178,0.169,,3.273173200573844,1.452356689557677,10.788199031263762,12.576008844665562,6.126134061481547,64.22295142103778,0.8178403800968713,1.5962458560592276,0.8851416652480395,1.0278834401421582,310.1666666666667,0.0,2.5,0.0,0.4444444444444444,1.0,0.8888888888888888,2621.0,7.666666666666667,23.5,8.833333333333334,0.5521,57.5875,0.125,0.8333,164.83,1063.71,0.998704,-0.47982,1.440096,35.2912,34.5581,922.5,857.5,39.9222,
GLM-5,1.0,100.0,7.3,82.692,35.75,92.0,66.0,69.014,78.261,50.0,40.0,75.0,57.0,84.758,59.957,45.692,91.0,63.584,78.0,55.33,,,,,1614.1,44.7,4.9,1.0,3.2,,0.82,0.272,0.723,0.633,,,0.462,0.982,0.432,0.6056666666666667,0.4816877777777777,102.4,1214.0,1310.0,55.03,1496.38,2.0,0.2687,0.02,1456.0,24.412068733601547,3.23522420817009,27.87318361955086,24.70978441127695,11.230511759006433,4.778931101175285,0.4880306532247682,1.1866928548354947,0.758937399562239,0.9245209915379564,877.8,0.0,0.4,0.0,0.6666666666666666,1.0,0.8888888888888888,3978.2,17.6,21.2,3.0,0.5243,51.946,0.1472,0.7708,343.95,6778.86,0.552384,0.478533,0.102749,26.7857,25.026,877.5,862.5,36.3156,
MiniMax M2.5,1.0,51.0,5.3,63.462,21.75,90.0,62.0,71.831,69.565,40.0,40.0,75.0,39.0,78.509,12.218,40.519,66.0,31.303,68.0,57.23,,,,,,63.7,4.9,0.3,1.2,,0.848,0.191,0.716,0.66,,,0.426,0.953,0.348,,,,1109.0,,41.69,1191.75,-39.7,0.262,0.011,1406.0,23.764908095422275,3.209427654966175,21.79656538969617,31.409618573797683,8.56161367039549,16.060499024752723,0.6929950873873978,1.3951806068103996,0.9964983850165696,0.8551120146913158,678.2,0.0,1.0,0.2,0.5555555555555556,1.0,1.0,5664.6,14.8,59.8,8.6,0.1697,29.0875,0.0,0.213,411.06,3029.15,0.545696,-0.945061,-0.575916,28.7483,36.9581,813.75,843.75,27.5806,
Qwen3.5 397B A17B Nonthinking,0.0,0.0,20.0,,,,,,,,,,,,,,,,,,,,,,1434.7,,,0.6,3.6,,0.861,0.188,0.516,0.58,,,0.411,0.839,0.356,,,,,,50.06,1240.37,-36.083,0.2433,0.009,,100.0,4.61512051684126,30.35163867396364,55.79246624022744,40.58839073372677,15.080395825142558,1.7167727393374763,0.8878342285806482,1.0878025381726653,1.7624504273527073,2550.0,0.0,7.333333333333333,3.0,0.8888888888888888,1.0,1.0,4644.0,15.333333333333334,33.0,7.0,0.3333,38.038,0.05,0.4583,1895.79,0.04,0.614048,-0.22371,0.584927,30.1912,31.194,865.0,880.0,37.0792,
Qwen3.5 397B A17B Thinking,1.0,80.0,6.3,,,,,,,,,,,,,,,,,,,,,,,,,0.6,3.6,,0.893,0.273,0.788,0.657,,,0.42,0.956,0.409,,,,1129.0,1137.0,,1205.29,-29.783,0.3135,0.017,1450.0,27.531072325623622,3.350993750415453,32.14442976662264,37.03703703703704,18.08332599312957,-0.0216850081655693,0.5132466321660122,0.9463773259963848,0.7021006429919738,0.8845314283567686,1115.3333333333333,0.0,4.333333333333333,3.6666666666666665,0.7777777777777778,1.0,1.0,5227.0,15.333333333333334,37.66666666666666,6.333333333333333,0.5938,55.629,0.5,0.6042,498.4,5419.75,-3.712318,-1.848581,-1.170464,32.0476,27.3382,833.75,851.25,37.0376,
Claude Sonnet 4.6 Non-Thinking,0.0,0.0,14.0,,,,,,,,,,,,,,,,,,,,,,,,,3.0,15.0,,0.799,0.132,0.412,0.577,,,0.469,0.795,0.462,,,,1379.0,1584.0,,1550.25,-2.933,0.3797,0.009,,20.0925352620585,3.0489191988380893,58.65257595772788,24.212271973466,9.830000880824452,13.848800554543423,1.0613572434165286,1.5066279789836128,1.0220694290269383,0.6234484874702364,835.0,2.4,4.6,0.0,1.0,1.0,0.8888888888888888,9853.2,49.2,59.8,0.0,0.3125,35.221,0.0,0.4583,467.15,0.0,0.443092,0.454583,2.358262,26.8288,26.2692,915.0,858.75,41.615,
Claude Sonnet 4.6 Thinking,1.0,69.0,11.0,75.0,94.5,100.0,76.0,81.69,78.261,,,,,,,,97.333,59.747,76.0,63.92,,,,,1865.0,86.0,58.3,3.0,15.0,,0.875,0.3,0.566,0.707,,,0.468,0.757,0.53,,,,1368.0,1503.0,64.15,1638.84,12.367,0.4003,0.031,1463.0,16.654274548144766,2.870977938088352,51.034786437692645,22.67551133222776,7.724830441293051,15.382577083173928,1.1277869263489932,1.5919642651719017,1.0220986540077313,0.926929741766124,611.0,0.6,4.6,0.0,1.0,1.0,0.7777777777777778,9176.4,44.6,57.0,0.0,0.4375,43.96,0.2,0.5417,4871.5,1621.06,-1.487798,0.190828,1.318241,35.2677,31.1807,920.0,870.0,41.2588,
Gemini 3.1 Pro Preview (2026-02-19),1.0,53.0,4.3,80.769,85.25,98.0,72.0,74.648,78.261,55.0,55.0,85.0,78.0,92.102,85.239,52.346,100.0,74.128,82.0,79.1,,,,100.0,1541.9,98.0,77.1,2.0,12.0,,0.941,0.447,0.771,0.727,,,0.589,0.956,0.538,,,,1326.0,1428.0,72.15,1311.73,32.933,0.5525,0.177,1493.0,28.614656057212752,3.3882693758581026,25.23117569352708,23.681592039801,10.490619219589538,6.75054788565131,0.4197275795957331,0.8998574487583316,0.6047177728654808,0.8551588464024591,879.8,0.0,4.0,1.4,0.6666666666666666,1.0,1.0,4508.2,11.4,22.8,2.0,0.8021,71.7316,0.55,0.9792,374.38,3489.67,-0.992571,0.323864,-1.14433,30.4143,34.8282,905.0,843.75,38.3754,
Qwen3.5 27B Thinking,1.0,88.0,10.0,,,,,,,,,,,,,,,,,,,,,,,,,,,,,,,,,,,,,0.01875,0.3953243137254902,115.0,1116.0,1208.0,42.37,1169.44,-46.75,0.1573,0.003,1405.0,72.95834918767333,4.303502085930089,28.51166886833993,81.14980652294086,100.0,-3.317405731158178,1.6572431897441846,1.150237375063063,1.542330569241228,2.326176723694799,1169.3333333333333,0.0,5.166666666666667,3.8333333333333335,0.5555555555555556,1.0,1.0,4365.5,15.0,36.0,4.166666666666667,0.4167,36.7265,0.125,0.5625,659.23,6642.38,-0.242697,-1.933892,-0.88551,27.5435,30.7914,806.25,836.25,25.7071,
Mercury 2,1.0,65.0,4.2,,,,,,,,,,,,,,,,,,,,,,,,,0.25,0.75,,0.77,0.155,0.698,0.363,,,0.387,0.708,0.265,,,,,,,968.5,-52.283,0.2048,0.008,1348.0,41.00277762803023,3.737735750097332,30.93350946719507,51.24378109452736,8.702545582665378,9.852817007330676,0.815698899490441,1.1604275024532955,0.964592505632859,0.7200922060707636,519.0,0.0,1.3333333333333333,2.1666666666666665,0.6666666666666666,1.0,1.0,5612.166666666667,15.166666666666666,56.333333333333336,5.666666666666667,0.1354,24.6115,0.0,0.1042,482.71,2632.6,0.611404,-1.26315,-0.859516,32.566,28.1348,821.25,866.25,13.1184,
Gemini 3.1 Flash Lite Preview (2026-03-03),1.0,50.0,2.6,65.385,25.25,88.0,60.0,71.831,65.217,35.0,25.0,40.0,27.0,81.021,23.767,42.885,91.0,46.548,82.0,68.62,,,,,,,,0.25,1.5,,0.822,0.162,0.772,0.653,,,0.419,0.313,0.242,0.1358333333333333,0.5219486928104575,69.9,1183.0,1022.0,,942.02,-15.517,0.364,0.011,1438.0,25.62978149012128,3.282030194389295,28.51166886833993,21.64179104477612,10.398132652162426,12.018362856855198,0.345723783376272,0.8400678470024131,0.4524477885775479,0.6193047009319113,1003.5,0.6666666666666666,5.333333333333333,0.0,1.0,1.0,0.8888888888888888,3311.0,13.333333333333334,21.0,3.5,0.4375,66.829,0.25,0.5,381.85,2150.08,-1.765427,-2.016884,0.637021,28.2774,30.8665,852.5,855.0,31.6504,
GPT-5.4 Thinking,1.0,110.0,6.1,88.462,98.0,98.0,68.0,,,65.0,60.0,85.0,93.0,91.474,86.19,51.75,,,,70.22,,,,,1675.8,93.7,74.0,2.5,15.0,,0.92,0.416,0.739,0.74,,,0.566,0.915,0.576,0.7569999999999999,0.7770205882352941,589.0,,,68.65,1667.9,5.65,0.4998,0.234,,16.703020428415233,2.8737352706946435,40.78599735799207,34.936428966279706,20.120232537655244,16.456108152319914,1.099580391954151,1.3607033883590527,1.13132136268579,1.1309607335827705,377.6666666666667,0.0,3.0,0.75,0.4444444444444444,1.0,1.0,8105.666666666667,24.666666666666668,83.33333333333333,23.33333333333333,0.7708,75.1092,0.45,1.0,155.65,3460.65,-1.216194,-0.571566,-0.349087,31.9461,29.7847,932.5,866.25,39.8458,
Nemotron 3 Super,1.0,100.0,5.7,,,,,,,,,,,,,,,,,,,,,,,,,0.3,0.75,,0.8,0.192,0.715,0.6,,,0.36,0.678,0.288,0.04525,0.380112324929972,99.0,,,,1017.71,-42.067,0.2403,0.031,1365.0,35.96698563766896,3.610025234262409,24.438573315719943,39.13764510779436,17.73099621245486,-11.339360154970043,0.6764900719157255,0.8649968227034542,0.9061705278104354,0.9932748344463757,423.8333333333333,0.0,0.0,0.3333333333333333,0.6666666666666666,0.7777777777777778,1.0,5371.0,9.833333333333334,44.16666666666666,3.8333333333333335,0.092,27.7535,0.0,0.0729,433.15,529.32,-0.409249,-0.669593,-0.654118,31.3055,29.3004,796.25,855.0,22.3353,
GPT-5.4 Mini,1.0,230.0,5.0,76.923,65.064,88.0,60.0,,,47.368,40.0,55.0,37.374,85.73,62.972,49.863,98.958,45.428,70.0,60.27,,,,,,,,0.75,4.5,,0.875,0.266,0.733,0.693,,,0.499,0.737,0.523,0.2014,0.6030250980392157,312.0,1307.0,,,1404.75,-18.683,0.3747,0.1,,5.208379675111207,1.8258999400170968,15.411712901805371,14.37653004817184,8.749732606862882,52.5871881808483,1.0676406043239797,1.7066347121795944,1.0986425387473058,1.0634529447620595,238.16666666666663,0.0,0.0,0.3333333333333333,0.4444444444444444,0.8888888888888888,1.0,4007.3333333333335,13.333333333333334,34.166666666666664,18.33333333333333,0.4896,50.717,0.3,0.5625,126.29,7655.56,-0.656489,-1.805269,-0.005874,25.3443,26.5877,926.25,908.75,36.4521,
GPT-5.4 Nano,1.0,200.0,6.8,80.769,97.436,82.0,64.0,75.385,68.889,,,,82.828,89.155,54.301,50.588,94.271,39.133,54.0,67.2,,,,,,,,0.2,1.25,,0.817,0.265,0.759,0.66,,,0.469,0.81,0.424,0.1296666666666666,0.4923452614379084,185.9,1113.0,,,1167.48,-29.55,0.2537,0.093,,7.881286191292926,2.183946387877397,15.521796565389694,24.08328726736687,7.616195425585015,33.31325689141546,0.9207400482164448,1.6790995452722433,1.0101652955078793,1.3535134095815406,263.6666666666667,0.0,0.0,0.0,0.4444444444444444,0.8888888888888888,0.7777777777777778,3895.5,12.0,46.66666666666666,4.666666666666667,0.25,29.137,0.0,0.3333,194.08,8366.69,1.200436,-1.010894,-0.160731,28.6889,26.0659,886.25,902.5,28.4996,
MiMo-V2-Pro,1.0,71.0,6.5,67.308,63.5,84.0,64.0,74.648,63.043,15.0,25.0,50.0,41.0,82.704,13.819,37.731,81.667,43.555,82.0,43.22,,,,,,,,1.0,3.0,,0.87,0.283,0.688,0.607,,,0.425,0.95,0.409,,,,,,,1425.39,4.917,0.2682,0.003,1446.0,16.02971910209392,2.8349600002399105,31.153676794363715,20.25981205085683,8.152030300361139,21.94965574535016,0.4367301287113425,0.9235095734211028,0.644388055362355,0.8531267210110125,704.6666666666666,0.5,4.166666666666667,0.0,1.0,1.0,0.8888888888888888,3862.0,17.0,27.666666666666668,2.6666666666666665,0.375,40.1175,0.375,0.2917,369.94,2054.44,-0.053571,0.362792,-2.545533,25.1606,25.0635,846.25,885.0,27.8556,
MiniMax M2.7,1.0,79.0,8.4,76.923,66.25,96.0,60.0,61.972,47.826,45.0,30.0,75.0,49.0,84.012,28.563,42.404,88.333,33.996,78.0,61.12,,,,,,,,0.3,1.2,,0.874,0.281,0.757,0.687,,,0.47,0.848,0.394,0.0975999999999999,0.3694563725490196,126.0,1259.0,,,1495.49,0.683,0.2612,0.006,1406.0,28.29430505128431,3.3773931302809728,30.05284015852047,36.73695016978599,12.008783078103964,1.552726761485832,0.4902755125602588,1.0956269906297056,0.8137179288543156,0.7552184250156818,1126.1666666666667,0.0,6.666666666666667,4.666666666666667,0.8888888888888888,1.0,1.0,6925.333333333333,18.166666666666668,71.5,6.333333333333333,0.1771,27.773,0.0,0.1875,503.35,3210.0,0.653088,-0.944097,-0.475183,26.9395,24.954,792.5,870.0,19.9179,
