code,model,style_score,combined_length,combined_header_count,combined_bold_count,combined_list_count,normalized_length,normalized_header_count,normalized_bold_count,normalized_list_count,log_normalized_length,cv_length,min_length,frac_used_length,cv_header_count,min_header_count,frac_used_header_count,cv_bold_count,min_bold_count,frac_used_bold_count,cv_list_count,min_list_count,frac_used_list_count,q7_length,q7_header_count,q7_bold_count,q7_list_count,lmarena_Score,lmsys_Score,delta_score,predicted_delta
openai/chatgpt-4o-latest,ChatGPT-4o,17.775133694031396,23136.0,41.0,151.0,131.0,15.919965847035039,18.168389955686852,24.543946932006634,32.89588801399825,2.828494335679293,0.5097159459080064,1102.0,1.0,0.592185880106292,0.0,0.8888888888888888,0.9549349683747226,0.0,0.8888888888888888,0.8554132532344928,0.0,0.8888888888888888,3559.0,5.0,23.0,8.0,1443.0,1429.0,14.0,17.955522614149892
anthropic/claude-3-opus,Claude 3 Opus,7.69420499553618,15334.0,0.0,5.0,54.0,8.980866038552533,0.0,0.33167495854063017,12.685914260717412,2.3006698639685044,0.24021021241004728,1180.0,1.0,0.0,0.0,0.0,3.0,0.0,0.1111111111111111,0.6123724356957946,0.0,0.7777777777777778,2273.0,0.0,5.0,0.0,1322.0,1263.0,59.0,62.32219940485068
anthropic/claude-3.5-haiku-20241022,Claude 3.5 Haiku,5.020744023643903,9224.0,5.0,3.0,140.0,3.5466312487770755,2.215657311669129,0.0,35.25809273840771,1.5143865738584508,0.3017665255274934,340.0,1.0,3.0,0.0,0.1111111111111111,3.0,0.0,0.1111111111111111,0.8333069723721754,0.0,0.8888888888888888,1004.0,5.0,3.0,3.0,1324.0,1257.0,67.0,68.52454106904113
anthropic/claude-3.5-sonnet,Claude 3.5 Sonnet,5.7812852362167995,10394.0,2.333333333333334,13.0,136.66666666666666,4.587229400010673,1.0339734121122603,1.658374792703151,34.38320209973754,1.7204835292386487,0.5400538072015446,495.3333333333333,1.0,3.0,0.0,0.1111111111111111,2.5955127413543058,0.0,0.2222222222222222,0.7273038228169275,0.0,0.8888888888888888,2551.3333333333335,2.3333333333333335,11.333333333333334,5.333333333333333,1372.0,1298.0,74.0,71.51241401163273
anthropic/claude-3.7-sonnet,Claude 3.7 Sonnet,8.828257200407162,13876.666666666666,30.333333333333332,33.33333333333333,86.0,7.684713583511707,13.44165435745938,5.030403537866224,21.084864391951008,2.161564420854708,0.4863113733593301,942.6666666666666,1.0,0.9164301510275367,0.0,0.7777777777777778,1.6233992115311624,0.0,0.5555555555555556,0.5150519672174441,3.0,1.0,3403.6666666666665,10.0,18.666666666666668,3.0,1372.0,1300.0,72.0,59.83251133844429
anthropic/claude-3.7-sonnet:thinking,Claude 3.7 Sonnet Thinking,10.727780162446809,15788.666666666666,38.666666666666664,50.66666666666667,87.33333333333331,9.385246630655843,17.134416543574595,7.904919845218353,21.43482064741907,2.3403862057852067,0.4071914375572171,910.0,1.0,0.43965517241379315,1.0,1.0,1.2803872255565583,0.0,0.6666666666666666,0.6511885517440388,1.3333333333333333,1.0,3427.3333333333335,8.0,22.333333333333332,3.6666666666666665,1388.0,1316.0,72.0,42.406113181957934
anthropic/claude-opus-4,Claude 4 Opus,12.510244268735686,17491.666666666668,36.66666666666667,87.0,103.66666666666667,10.89989505078475,16.248153618906947,13.930348258706468,25.72178477690289,2.476529580816808,0.7123953985594598,1124.0,1.0,1.9597024989261815,0.0,0.4444444444444444,1.1501434538039945,0.0,0.8888888888888888,0.5233285667177734,4.666666666666667,1.0,5576.666666666667,24.666666666666668,37.333333333333336,5.0,1413.0,1365.0,48.0,38.44416538596349
anthropic/claude-opus-4,Claude 4 Opus Thinking,11.605512644289986,16357.666666666668,33.333333333333336,82.33333333333334,108.33333333333334,9.891315304204493,14.771048744460858,13.156440022111665,26.94663167104113,2.3879657105701275,0.6397128623510118,1039.0,1.0,1.7957449707572624,0.0,0.5555555555555556,0.8291197489494418,0.6666666666666666,1.0,0.6304858650560717,4.666666666666667,1.0,4832.666666666667,20.666666666666668,26.0,4.666666666666667,1424.0,1376.0,48.0,46.54173141162157
anthropic/claude-sonnet-4,Claude 4 Sonnet,13.253837705233291,18961.333333333336,31.666666666666664,85.33333333333333,101.66666666666666,12.207016774086442,14.032496307237812,13.653952459922609,25.196850393700785,2.5807482621514524,0.6598171167206673,1090.6666666666667,1.0,1.821136292571724,0.0,0.5555555555555556,0.8975369127593725,0.0,0.8888888888888888,0.48226822316582013,2.6666666666666665,1.0,5663.0,20.0,30.0,2.6666666666666665,1390.0,1339.0,51.0,40.82396592003111
anthropic/claude-sonnet-4,Claude 4 Sonnet Thinking,12.308195120505285,17615.333333333332,36.33333333333333,83.66666666666669,88.66666666666666,11.009884200103171,16.100443131462335,13.377556661138753,21.78477690288714,2.4857299940889694,0.6985377501544796,1023.6666666666666,1.0,1.7257890317687206,0.0,0.6666666666666666,1.0059741233068116,0.6666666666666666,1.0,0.5010236003287484,1.3333333333333333,1.0,5537.666666666667,22.0,32.333333333333336,6.0,1400.0,1349.0,51.0,47.58552507728422
anthropic/claude-haiku-4.5,Claude Haiku 4.5,12.808762328596627,17029.0,50.33333333333333,104.0,92.33333333333334,10.48839925764736,22.304283604135893,16.749585406301822,22.747156605424326,2.441337766023622,0.5832034163994391,1193.6666666666667,1.0,0.9674089131607829,0.0,0.7777777777777778,0.5350164516632137,3.3333333333333335,1.0,0.5708567585463423,2.0,1.0,4456.666666666667,18.333333333333332,24.0,6.0,1406.0,1386.0,20.0,29.201748413162306
anthropic/claude-haiku-4.5,Claude Haiku 4.5 Thinking,13.269697789300539,16792.0,62.33333333333333,109.0,95.66666666666667,10.277611427012861,27.621861152141804,17.5787728026534,23.62204724409449,2.4228194707227053,0.6966247245392135,1050.3333333333333,1.0,1.1922765405945863,0.3333333333333333,1.0,0.8233913010083445,2.3333333333333335,1.0,0.6296120005453212,1.3333333333333333,1.0,5235.333333333333,28.333333333333332,36.333333333333336,1.3333333333333333,,,,30.98709813780547
anthropic/claude-opus-4.1,Claude Opus 4.1,12.65022112232547,17547.333333333332,38.333333333333336,85.33333333333333,107.0,10.949404991313525,16.98670605612999,13.653952459922609,26.596675415573056,2.480681485616,0.623733380386076,1183.6666666666667,1.0,1.5229622413762745,0.0,0.6666666666666666,0.7814086752924271,0.3333333333333333,1.0,0.44903600125365334,4.333333333333333,1.0,5090.666666666667,20.666666666666668,26.333333333333332,5.333333333333333,1447.0,1418.0,29.0,45.585218208237364
anthropic/claude-opus-4.1,Claude Opus 4.1 Thinking,12.30916741715808,17334.666666666668,36.666666666666664,79.0,104.0,10.76025923049101,16.24815361890694,12.603648424543948,25.809273840769908,2.464725985636628,0.6696208762849346,1054.3333333333333,1.0,1.3330199356199934,0.0,0.7777777777777778,0.9627537215762443,2.6666666666666665,1.0,0.5115619572394673,4.333333333333333,1.0,5291.666666666667,18.0,30.333333333333332,6.0,1449.0,1418.0,31.0,42.63037058400201
anthropic/claude-4.5-opus,Claude Opus 4.5,13.858934933616261,18077.333333333332,62.0,107.33333333333334,79.0,11.420787059821052,27.474150664697195,17.302377003869545,19.247594050743658,2.519371444853479,0.683812109108589,1083.0,1.0,1.0287237883291596,0.0,0.8888888888888888,0.8858283968202271,2.3333333333333335,1.0,0.42710969161526546,3.0,1.0,5329.333333333333,25.0,38.333333333333336,5.333333333333333,1467.0,1445.0,22.0,23.522520339632848
anthropic/claude-4.5-opus,Claude Opus 4.5 Thinking,11.836023013456956,15380.0,61.66666666666666,100.66666666666666,74.0,9.021778444498468,27.326440177252582,16.196793808734107,17.935258092738408,2.304760569378231,0.5878197492581682,882.3333333333334,1.0,1.1759272796943234,0.0,0.8888888888888888,0.6054715214968521,4.0,1.0,0.5715353586434467,1.0,1.0,4186.333333333333,27.666666666666668,27.0,1.0,1472.0,1446.0,26.0,40.42927783298154
anthropic/claude-4.5-opus,Claude Opus 4.5 Thinking (Low),10.950367384529384,14809.333333333332,52.333333333333336,89.0,77.0,8.514227437401054,23.190546528803544,14.262023217247096,18.722659667541556,2.252788303274184,0.5448287823301406,956.3333333333334,1.0,0.7990140583587926,0.0,0.8888888888888888,0.8033511429986281,3.3333333333333335,1.0,0.562916231563632,0.0,0.8888888888888888,3833.0,17.0,29.333333333333332,0.0,,,,41.88461721222943
anthropic/claude-opus-4.6,Claude Opus 4.6,16.901316174847675,21968.0,60.33333333333333,142.66666666666666,79.66666666666666,14.88114649605996,26.73559822747415,23.16196793808734,19.42257217847769,2.765132650697761,0.5036663072996321,1223.3333333333333,1.0,1.031826198183067,0.0,0.8888888888888888,0.6174792064154789,6.0,1.0,0.6728665741851766,0.0,0.8888888888888888,4934.666666666667,24.333333333333332,36.0,0.0,1503.0,1502.0,1.0,19.80688076691258
anthropic/claude-opus-4.6,Claude Opus 4.6 Thinking,15.181036201370137,19548.833333333332,66.33333333333333,143.58333333333334,58.416666666666664,12.729539350026386,29.394387001477103,23.313985627418464,13.845144356955382,2.6195496685998845,0.6653907673793648,657.3333333333334,1.0,1.0860027786806712,1.0,1.0,0.7493194759200402,4.0,1.0,1.027674591940905,0.0,0.7777777777777778,5720.0,28.0,43.0,0.0,1503.0,1500.0,3.0,16.988347398247782
anthropic/claude-4.5-sonnet,Claude Sonnet 4.5,14.776848940164363,19255.333333333332,50.0,109.66666666666667,117.33333333333333,12.468500412088728,22.156573116691288,17.689331122166944,29.308836395450573,2.600353656243318,0.5667208341074874,1220.6666666666667,1.0,1.2449096352747855,0.0,0.8888888888888888,0.7943866543409486,3.3333333333333335,1.0,0.41571780949733733,5.0,1.0,5041.0,23.333333333333332,34.666666666666664,5.0,1452.0,1432.0,20.0,23.47866849794839
anthropic/claude-4.5-sonnet,Claude Sonnet 4.5 Thinking,12.584110820457871,16511.666666666668,48.33333333333333,104.33333333333333,106.0,10.028282924110455,21.418020679468242,16.804864566058594,26.334208223972006,2.400463147902328,0.62815873507906,1182.3333333333333,1.0,1.1302878107266703,0.0,0.8888888888888888,0.8286162842128175,4.666666666666667,1.0,0.357713905465034,4.333333333333333,1.0,4844.666666666667,20.666666666666668,36.0,6.666666666666667,1451.0,1426.0,25.0,28.015039265138224
anthropic/claude-sonnet-4.6,Claude Sonnet 4.6 Non-Thinking,18.988035988984038,23333.0,86.66666666666666,142.66666666666666,81.66666666666667,16.095177672499155,38.404726735598224,23.16196793808734,19.94750656167979,2.8387964162808443,1.0485926559177343,715.6666666666666,1.0,1.4671211697154463,2.3333333333333335,1.0,0.9685523555211782,4.333333333333333,1.0,0.6690298943870198,0.0,0.8888888888888888,9501.333333333334,47.0,55.0,0.0,,,,10.99800857911655
anthropic/claude-sonnet-4.6,Claude Sonnet 4.6 Thinking,15.73251958040512,19810.666666666664,76.0,136.33333333333334,61.66666666666666,12.962413950537494,33.67799113737075,22.11166390270868,14.698162729658792,2.636369001478387,1.0355210493361648,646.6666666666666,1.0,1.5717764796366744,0.3333333333333333,1.0,0.9869819372674467,4.666666666666667,1.0,0.9766484631631678,0.0,0.7777777777777778,8198.666666666666,43.333333333333336,54.333333333333336,0.0,1460.0,1444.0,16.0,10.696114794912834
cohere/command-a,Command A,17.726176558407136,23822.0,33.33333333333333,142.0,125.66666666666667,16.530094335707048,14.771048744460854,23.0514096185738,31.49606299212599,2.8639190803052608,0.40421386431013756,1111.6666666666667,1.0,0.8834732593576333,0.0,0.7777777777777778,0.8746580934289204,3.6666666666666665,1.0,0.7808450471637803,3.3333333333333335,1.0,3172.0,5.333333333333333,14.0,3.3333333333333335,1354.0,1331.0,23.0,23.701049831601722
cohere/command-r-08-2024,Command R,9.956202689122135,18253.333333333332,3.3333333333333335,31.333333333333332,40.66666666666667,11.577321482570722,1.4771048744460857,4.698728579325595,9.186351706036747,2.531895309887318,0.4154063925286531,762.0,1.0,3.0,0.0,0.1111111111111111,1.020153970750507,0.0,0.5555555555555556,1.2740695262634971,0.0,0.7777777777777778,2141.3333333333335,3.3333333333333335,6.0,1.0,1250.0,1188.0,62.0,49.41605768183869
cohere/command-r-plus-08-2024,Command R Plus,13.12033493052816,22704.666666666668,2.0,30.0,52.66666666666667,15.536337924614449,0.8862629246676514,4.477611940298507,12.335958005249347,2.805560257863359,0.3229229610103971,620.3333333333334,1.0,3.0,0.0,0.1111111111111111,0.854400374531753,0.0,0.7777777777777778,0.9286343742256317,0.0,0.7777777777777778,2206.6666666666665,2.0,3.0,0.0,1277.0,1230.0,47.0,41.41950569990841
deepseek/deepseek-r1:free,DeepSeek R1,18.792969056001503,24915.333333333336,27.0,183.33333333333331,130.66666666666669,17.50250514369742,11.964549483013293,29.906025428413486,32.80839895013124,2.9179061360895764,0.3737565139810122,1337.0,1.0,1.1453071182271277,0.0,0.7777777777777778,0.8884130154102952,0.6666666666666666,1.0,0.9242398339264598,4.0,1.0,3219.6666666666665,10.666666666666666,37.0,5.0,1398.0,1373.0,25.0,5.712198950071723
deepseek/deepseek-r1-0528:free,DeepSeek R1 (2025-05-28),22.855912016881426,30108.666666666664,26.666666666666664,194.33333333333331,155.33333333333334,22.121456481651673,11.816838995568684,31.730237700386947,39.28258967629048,3.1407610384312052,0.30952065390734673,2020.6666666666667,1.0,1.4908313536413165,0.0,0.4444444444444444,0.9022221008087391,0.0,0.8888888888888888,0.8187553040636514,5.333333333333333,1.0,3031.0,12.333333333333334,24.333333333333332,5.333333333333333,1420.0,1426.0,-6.0,-2.721794393022189
deepseek/deepseek-r1-distill-llama-70b,DeepSeek R1 Distill Llama 70B,10.049015311429702,15795.0,16.0,89.33333333333333,74.66666666666669,9.390879498141155,7.0901033973412115,14.317302377003868,18.110236220472448,2.3409284500504186,0.5565616817751244,543.3333333333334,1.0,1.28884941420633,0.0,0.4444444444444444,1.1039748376625371,0.6666666666666666,1.0,1.0079626578929561,0.0,0.8888888888888888,2709.6666666666665,3.3333333333333335,29.666666666666668,8.0,,,,48.734225599392694
deepseek/deepseek-r1-distill-qwen-32b,DeepSeek R1 Distill Qwen 32B,9.034569536905652,14358.666666666668,22.333333333333336,71.33333333333333,69.66666666666666,8.113404445814782,9.896602658788774,11.332227750138198,16.79790026246719,2.2097463457225,0.5143683295348638,599.0,1.0,1.1518433703946174,0.0,0.5555555555555556,1.1782791590172392,0.0,0.8888888888888888,1.1368294185170018,0.0,0.8888888888888888,2859.6666666666665,6.666666666666667,15.333333333333334,1.6666666666666667,,,,54.06653300646197
deepseek/deepseek-chat:free,DeepSeek V3,16.211943737191238,22175.0,32.0,140.0,106.0,15.065252322816672,14.180206794682423,22.71973466003317,26.334208223972006,2.7766586988133963,0.3924446233610555,1237.0,1.0,1.0053567463840882,0.0,0.6666666666666666,0.8861821920750949,2.0,1.0,0.8349056603773585,2.0,1.0,3009.0,6.0,23.0,6.0,,,,25.858895973213436
deepseek/deepseek-chat:free,DeepSeek V3 (2024-12-26),16.518559892241193,21794.0,41.0,146.66666666666666,112.66666666666667,14.726390873568809,18.168389955686852,23.825317855168603,28.083989501312338,2.7553402485045435,0.38313795641222254,1304.6666666666667,1.0,0.8390740200863207,0.0,0.7777777777777778,0.8276160626204871,4.0,1.0,0.9405771686441863,3.3333333333333335,1.0,3245.0,8.333333333333334,20.333333333333332,3.6666666666666665,1359.0,1333.0,26.0,21.444026088887583
deepseek/deepseek-chat-v3-0324,DeepSeek V3 (2025-03-24),25.726413123843862,32165.0,59.33333333333333,184.66666666666669,167.66666666666666,23.95035961411893,26.292466765140325,30.127142067440577,42.51968503937009,3.216888235485196,0.6241084981508426,1947.6666666666667,1.0,0.3361292810423449,3.3333333333333335,1.0,0.7037367702127935,5.333333333333333,1.0,0.776705876114926,2.3333333333333335,1.0,2838.6666666666665,8.333333333333334,30.333333333333332,2.3333333333333335,1395.0,1375.0,20.0,12.515225849751051
deepseek/deepseek-chat-v3.1,DeepSeek V3.1 (Non-Reasoning),37.134957072217865,49798.0,40.333333333333336,178.66666666666666,180.66666666666666,39.633152093351434,17.872968980797637,29.132117191818686,45.931758530183735,3.7045842874322554,0.45099767956469544,1780.0,1.0,0.8140390988123308,0.0,0.7777777777777778,0.7660246469572933,5.0,1.0,0.7041930527614727,4.0,1.0,3565.3333333333335,10.666666666666666,16.0,4.0,1419.0,1420.0,-1.0,-3.198776744761405
deepseek/deepseek-chat-v3.1,DeepSeek V3.1 (Reasoning),27.021899770696756,35531.666666666664,50.0,197.33333333333334,117.66666666666667,26.944673382625865,22.156573116691288,32.227750138197905,29.39632545931759,3.3302266047888334,0.5053403372625138,929.0,1.0,0.740337760755184,0.0,0.8888888888888888,0.5965863733427798,2.6666666666666665,1.0,0.8325033919544965,2.6666666666666665,1.0,4494.666666666667,13.0,30.0,3.3333333333333335,1417.0,1417.0,0.0,-1.222208090286108
deepseek/deepseek-v3.1-terminus,DeepSeek V3.1 Terminus,34.32218523732854,44933.0,55.666666666666664,235.0,127.33333333333334,35.30622046450404,24.66765140324963,38.47429519071311,31.933508311461072,3.591989089248415,0.3692793388764849,1368.3333333333333,1.0,0.5854882091400814,0.0,0.8888888888888888,0.4782976830468316,6.666666666666667,1.0,0.7363376918632037,1.0,1.0,3887.3333333333335,12.666666666666666,20.0,4.0,1417.0,1418.0,-1.0,-1.0809479762304972
deepseek/deepseek-v3.1-terminus,DeepSeek V3.1 Terminus (Reasoning),31.76098639326677,31826.666666666664,225.66666666666666,169.66666666666669,127.33333333333333,23.64944590371947,100.0,27.63957987838585,31.93350831146107,3.2047544216851183,0.48659310242254633,653.3333333333334,1.0,2.379158955317133,0.0,0.8888888888888888,0.5822976897964032,0.0,0.8888888888888888,0.6881145379079184,0.0,0.8888888888888888,3333.6666666666665,8.0,24.333333333333332,5.0,1415.0,1417.0,-2.0,3.1361468425907275
deepseek/deepseek-v3.2,DeepSeek V3.2,18.26115112300743,24109.0,43.0,172.0,97.0,16.78535217280452,19.054652880354507,28.026533996683252,23.972003499562557,2.8783752068801913,0.7324128868534147,351.3333333333333,1.0,1.357330915698399,0.0,0.5555555555555556,1.0064648720494676,0.0,0.6666666666666666,1.1749524834192757,0.0,0.6666666666666666,4326.0,20.0,33.666666666666664,4.0,1421.0,1418.0,3.0,4.9622699183323355
deepseek/deepseek-v3.2,DeepSeek V3.2 (Non-Reasoning),35.38485194001796,46311.5,46.5,263.75,137.25,36.53225854268824,20.605612998522897,43.24212271973466,34.53630796150482,3.625200790997497,0.6095923802460191,1652.0,1.0,0.6925630660208737,0.0,0.8888888888888888,0.49751657467543003,5.333333333333333,1.0,0.6745314552820718,4.5,1.0,4028.25,13.0,32.5,5.75,1423.0,1423.0,0.0,-1.6339408536254558
deepseek/deepseek-v3.2-exp,DeepSeek V3.2 Exp,32.583405870408896,42773.666666666664,54.333333333333336,228.66666666666669,119.33333333333334,33.38570911872306,24.0768094534712,37.42399115533444,29.833770778652674,3.5376410454680656,0.4883489068475832,1388.6666666666667,1.0,0.968795964890993,0.0,0.7777777777777778,0.49004477486853926,7.333333333333333,1.0,0.7698217093905126,1.3333333333333333,1.0,4422.0,19.666666666666668,17.333333333333332,1.3333333333333333,1424.0,1424.0,0.0,0.16983159699609948
deepseek/deepseek-v3.2-exp,DeepSeek V3.2 Exp (Reasoning),19.747337067076483,25454.0,46.66666666666667,191.33333333333334,108.0,17.981595346658523,20.679468242245203,31.23272526257601,26.859142607174107,2.943469843741032,0.64567750442275,487.6666666666667,1.0,0.8989151625085402,0.0,0.8888888888888888,0.8269987316261321,0.0,0.8888888888888888,0.9867955371295339,0.0,0.8888888888888888,3230.6666666666665,14.333333333333334,29.0,4.333333333333333,1424.0,1423.0,1.0,2.3288614623773896
deepseek/deepseek-v3.2-speciale,DeepSeek V3.2 Speciale,13.027643931319819,19572.0,27.333333333333332,102.66666666666667,58.0,12.750143786354231,12.112259970457902,16.528468767274738,13.735783027121611,2.621049281247303,0.9455523685454441,307.0,1.0,1.348085098382393,0.0,0.4444444444444444,1.1861241041533985,0.0,0.8888888888888888,1.552801350235663,0.0,0.7777777777777778,5345.0,10.333333333333334,30.666666666666668,7.0,,,,19.293709852049226
mistralai/devstral-small:free,Devstral Small,10.202481767892445,16616.0,16.0,82.0,54.0,10.121077004263194,7.0901033973412115,13.101160862354892,12.685914260717412,2.4088421370338633,0.6770362538552729,23.0,1.0,2.0041460931029955,0.0,0.2222222222222222,1.385542435499934,0.0,0.4444444444444444,1.781463193869329,0.0,0.3333333333333333,2972.0,9.0,28.0,0.0,,,,34.66717664722948
z-ai/glm-4.5-air,GLM 4.5 Air,28.885505179676677,36765.0,36.333333333333336,242.33333333333334,185.33333333333337,28.041600208712563,16.100443131462335,39.69043670536208,47.15660542432198,3.368729292044252,0.44088242829719415,1294.6666666666667,1.0,0.9851711740786482,0.0,0.7777777777777778,0.8940120063084928,0.0,0.7777777777777778,0.8528508820946925,3.0,1.0,4148.333333333333,11.333333333333334,37.0,8.0,1372.0,1382.0,-10.0,-9.409822546698795
z-ai/glm-4.5,GLM-4.5,32.19415774344386,40965.66666666667,36.666666666666664,258.0,199.66666666666666,31.777673685021913,16.24815361890694,42.28855721393035,50.91863517060368,3.4897476032873618,0.43212859353650146,1412.0,1.0,1.2078770393333755,0.0,0.6666666666666666,0.8892878513952973,0.0,0.7777777777777778,0.8374055442699249,2.3333333333333335,1.0,4605.333333333333,14.333333333333334,44.666666666666664,10.0,1411.0,1429.0,-18.0,-13.234200420546895
z-ai/glm-4.6,GLM-4.6,32.62622196552424,41726.33333333333,68.0,209.0,146.66666666666666,32.45421071667862,30.132939438700152,34.16252072968491,37.00787401574804,3.510177659569048,0.5046337431750462,784.3333333333334,1.0,0.9487858750414662,0.0,0.7777777777777778,0.8138262307500451,1.0,1.0,0.9940174870005105,2.6666666666666665,1.0,6222.333333333333,23.0,24.333333333333332,5.333333333333333,1426.0,1441.0,-15.0,-10.839941032793728
z-ai/glm-4.7,GLM-4.7,16.71423843736981,23747.333333333336,37.666666666666664,123.0,66.66666666666666,16.463685792722337,16.691285081240768,19.900497512437813,16.010498687664043,2.860123627372685,0.7509720383672609,720.3333333333334,1.0,1.3726588010849965,0.0,0.4444444444444444,1.168315596292438,0.0,0.7777777777777778,1.3783481962116828,0.0,0.6666666666666666,4077.0,16.333333333333332,22.0,4.0,1441.0,1435.0,6.0,9.557041783132544
z-ai/glm-4.7-flash,GLM-4.7 Flash,15.87413530591555,22247.166666666664,37.33333333333334,127.33333333333333,76.33333333333334,15.12943736547823,16.543574593796166,20.619126589275844,18.547681539807527,2.7806460102812776,0.7266569158519703,561.5,1.0,1.2604236942515055,0.0,0.5555555555555556,0.8866523448857048,0.0,0.8888888888888888,1.1562387823842277,0.0,0.8888888888888888,4046.6666666666665,14.666666666666666,22.0,1.6666666666666667,1368.0,1353.0,15.0,10.9467237635439
z-ai/glm-5,GLM-5,20.64883299367172,28298.666666666668,41.0,153.33333333333331,86.0,20.51164224769201,18.168389955686852,24.930901050304033,21.084864391951008,3.068594288468107,0.4680844416706183,909.3333333333334,1.0,1.106669521628354,0.0,0.6666666666666666,0.7324191794610135,0.3333333333333333,1.0,0.9244186046511629,0.0,0.8888888888888888,3829.3333333333335,16.0,20.0,2.0,1454.0,1443.0,11.0,3.078573303062444
openai/gpt-oss-120b,GPT OSS 120B,40.535648162527096,51472.666666666664,62.666666666666664,370.0,112.33333333333333,41.12260084315132,27.76957163958641,60.86235489220564,27.99650043744532,3.740584433772319,0.6797674848496532,462.0,1.0,0.862846462387746,0.0,0.8888888888888888,0.8368749916466229,2.3333333333333335,1.0,0.706720649462343,1.0,1.0,6474.666666666667,16.0,60.0,7.333333333333333,1355.0,1367.0,-12.0,0.9467652128579523
openai/gpt-oss-20b,GPT OSS 20B,26.42984783795299,36228.666666666664,42.0,195.33333333333334,72.0,27.56458527271973,18.61152141802068,31.896075179657267,17.41032370953631,3.3521676733495065,0.6717923029061814,617.0,1.0,1.0,0.0,0.7777777777777778,0.9347315382550239,0.6666666666666666,1.0,0.9372684899334993,0.0,0.8888888888888888,6081.0,12.333333333333334,53.333333333333336,6.0,1318.0,1288.0,30.0,5.236092211792297
openai/gpt-4-0314,GPT-4 (0314),4.192485247379123,10920.333333333332,0.0,5.666666666666667,22.666666666666664,5.055350334710915,0.0,0.4422332780541737,4.4619422572178475,1.8009422340779444,0.6809456249007615,293.6666666666667,1.0,0.0,0.0,0.0,3.0,0.0,0.1111111111111111,1.5236564505290404,0.0,0.3333333333333333,1989.3333333333333,0.0,5.666666666666667,0.0,1287.0,1207.0,80.0,65.26263584346324
openai/gpt-4.1,GPT-4.1,17.979188875813332,22584.333333333336,45.666666666666664,189.66666666666666,125.0,15.429313442393559,20.236336779911372,30.956329463792148,31.321084864391956,2.7990671443467194,0.29967569577214886,1454.0,1.0,0.5170387862679239,0.0,0.8888888888888888,0.49885587265911885,6.666666666666667,1.0,0.5544727225031002,5.333333333333333,1.0,2627.3333333333335,8.666666666666666,23.333333333333332,7.333333333333333,1414.0,1382.0,32.0,23.091930679864188
openai/gpt-4.1-mini,GPT-4.1 Mini,18.414591443118688,24045.0,42.333333333333336,127.66666666666666,147.0,16.72843056453191,18.759231905465292,20.674405749032612,37.095363079615055,2.8751695975291884,0.5148872747252315,925.6666666666666,1.0,0.9641731479665457,0.0,0.8888888888888888,0.6043907068947415,0.3333333333333333,1.0,0.6617722598812638,3.0,1.0,3156.0,9.0,19.333333333333332,4.666666666666667,1382.0,1341.0,41.0,29.996357182537835
openai/gpt-4.1-nano,GPT-4.1 Nano,16.293358632626006,21310.66666666667,33.33333333333333,148.33333333333331,139.33333333333334,14.296514144426729,14.771048744460854,24.101713653952455,35.083114610673675,2.7276249687427505,0.444539728375813,860.0,1.0,0.9666566091430815,0.0,0.6666666666666666,0.7398012542029362,0.6666666666666666,1.0,0.7389992425552555,1.3333333333333333,1.0,2393.0,8.0,14.0,3.6666666666666665,1322.0,1285.0,37.0,41.69593490053208
openai/gpt-4.5-preview,GPT-4.5 Preview,16.46841846756407,23783.0,20.0,109.0,109.0,16.495407730665924,8.862629246676516,17.5787728026534,27.121609798775154,2.8619384311020064,0.5764177519544731,841.0,1.0,1.4367933045501011,0.0,0.4444444444444444,0.9436394167669964,0.0,0.7777777777777778,1.061775505924422,0.0,0.7777777777777778,2907.0,3.0,12.0,2.0,1445.0,1418.0,27.0,27.14071577049043
openai/gpt-4o-2024-05-13,GPT-4o (2024-05-13),12.350081035403422,19391.333333333332,13.666666666666668,75.66666666666666,81.33333333333333,12.589458829668018,6.056129985228952,12.050856826976228,19.860017497812773,2.609294406153685,0.3121079627570977,857.3333333333334,1.0,1.6504014978497503,0.0,0.5555555555555556,0.9114153118713656,1.3333333333333333,1.0,0.7845042743435604,1.3333333333333333,1.0,2499.6666666666665,3.0,12.0,1.6666666666666667,1346.0,1301.0,45.0,46.15971198870066
openai/gpt-4o-2024-08-06,GPT-4o (2024-08-06),10.743909336861838,17920.666666666668,4.666666666666668,73.66666666666666,69.0,11.281447706237069,2.0679468242245207,11.719181868435598,16.622922134733162,2.508089807157736,0.37506511105569934,653.6666666666666,1.0,2.553508990245639,0.0,0.2222222222222222,1.0258303768961696,0.0,0.7777777777777778,1.1001374720765211,0.0,0.8888888888888888,2757.6666666666665,4.0,14.666666666666666,3.0,1335.0,1283.0,52.0,42.6702274374095
openai/gpt-4o-2024-11-20,GPT-4o (2024-11-20),18.815240454916253,24605.0,42.333333333333336,155.33333333333334,126.0,17.226494636917224,18.759231905465292,25.26257600884467,31.583552055993003,2.9028762847881535,0.5013678201773301,485.0,1.0,0.8551376862943916,0.0,0.6666666666666666,0.9020459715214967,0.0,0.8888888888888888,1.0381744181249024,0.0,0.8888888888888888,3748.3333333333335,11.0,27.0,4.333333333333333,,,,14.437014620813574
openai/gpt-4o-mini-2024-07-18,GPT-4o Mini,12.301497776771232,19229.333333333336,18.333333333333336,79.66666666666666,69.33333333333333,12.445376008727983,8.124076809453474,12.714206744057488,16.710411198600177,2.5986352557654744,0.39728546180416285,567.3333333333334,1.0,1.6895889274618408,0.0,0.4444444444444444,0.9382372890815326,0.0,0.7777777777777778,0.9661846880029514,0.0,0.8888888888888888,3168.6666666666665,8.0,24.666666666666668,3.3333333333333335,1318.0,1287.0,31.0,45.35755472865151
openai/gpt-5,GPT-5 (high),10.992899697217954,17794.0,4.0,44.333333333333336,116.0,11.168790356530867,1.7725258493353029,6.854615809839691,28.958880139982508,2.4988745065401354,0.9225756929448717,239.33333333333334,1.0,3.0,0.0,0.1111111111111111,3.0,0.0,0.1111111111111111,1.1149221617999934,0.0,0.8888888888888888,5177.0,4.0,44.333333333333336,17.333333333333332,1435.0,1406.0,29.0,21.60251177204821
openai/gpt-5,GPT-5 (low),9.442475579529985,15330.666666666666,2.333333333333334,28.333333333333332,142.33333333333334,8.977901371454998,1.0339734121122603,4.2012161415146485,35.87051618547682,2.300372784789371,0.8725596744767694,267.6666666666667,1.0,3.0,0.0,0.1111111111111111,2.9999999999999996,0.0,0.1111111111111111,1.1570502857312013,0.0,0.8888888888888888,3793.0,2.3333333333333335,28.333333333333332,22.333333333333332,,,,35.87785588784094
openai/gpt-5,GPT-5 (medium),10.579244651775486,16924.333333333332,3.6666666666666665,37.33333333333334,134.33333333333331,10.395308710784866,1.6248153618906942,5.693753454947487,33.77077865266842,2.433201754106439,0.9020302745685392,229.66666666666666,1.0,3.0,0.0,0.1111111111111111,3.0,0.0,0.1111111111111111,1.122237756243288,0.0,0.8888888888888888,4787.333333333333,3.6666666666666665,37.333333333333336,23.0,,,,27.53652301543523
openai/gpt-5,GPT-5 (minimal),11.705812296117072,17983.333333333332,3.6666666666666665,34.333333333333336,162.66666666666666,11.337183447670661,1.6248153618906942,5.19624101713654,41.20734908136484,2.5126177466935076,0.8626511170295335,393.3333333333333,1.0,3.0,0.0,0.1111111111111111,3.0,0.0,0.1111111111111111,1.3011129255893652,2.0,1.0,4710.0,3.6666666666666665,34.333333333333336,22.0,,,,24.868805929562157
openai/gpt-5-chat,GPT-5 Chat,17.019011101489397,22662.333333333332,34.666666666666664,165.0,109.33333333333333,15.498686652475794,15.36189069423929,26.865671641791046,27.209098862642172,2.803280780918891,0.40687631358193793,1276.3333333333333,1.0,0.6535102361082227,0.0,0.8888888888888888,0.4937627496000099,6.0,1.0,0.8067856067867493,2.6666666666666665,1.0,2494.0,5.0,17.666666666666668,2.6666666666666665,1427.0,1404.0,23.0,30.557477869232542
openai/gpt-5-codex,GPT-5 Codex,12.469116117137947,19041.0,21.666666666666668,87.73333333333333,72.93333333333334,12.277872317717446,9.601181683899558,14.051962410171365,17.65529308836396,2.586098914172818,0.8501642536001964,398.0,1.0,1.5859404467355374,0.0,0.4444444444444444,1.2800989303189136,0.0,0.8888888888888888,1.231856755217792,0.0,0.7777777777777778,4495.666666666667,7.666666666666667,38.0,10.666666666666666,,,,25.20129748934228
openai/gpt-5-mini,GPT-5 Mini,11.922013769822689,18999.666666666668,1.6666666666666667,45.666666666666664,128.0,12.241110445708054,0.7385524372230429,7.075732448866777,32.108486439195104,2.5833264175136827,0.9002889102274555,276.3333333333333,1.0,3.0,0.0,0.1111111111111111,3.0,0.0,0.1111111111111111,1.151303821013919,0.0,0.7777777777777778,4721.333333333333,1.6666666666666667,45.666666666666664,18.333333333333332,,,,24.79685374936095
openai/gpt-5-mini,GPT-5 Mini (High),13.01557545210959,20791.666666666668,2.333333333333334,38.666666666666664,123.0,13.834915477341053,1.0339734121122603,5.914870093974571,30.796150481189855,2.6969835562099416,0.8641904334024513,260.0,1.0,3.0,0.0,0.1111111111111111,3.0,0.0,0.1111111111111111,1.0796643892142128,0.0,0.7777777777777778,5029.0,2.3333333333333335,38.666666666666664,17.333333333333332,1391.0,1374.0,17.0,20.25448916273201
openai/gpt-5-mini,GPT-5 Mini (low),13.066485414713629,20009.0,3.6666666666666665,48.33333333333333,149.66666666666666,13.138811642840627,1.6248153618906942,7.51796572692095,37.795275590551185,2.6489236147047586,0.8658774718516744,259.6666666666667,1.0,3.0,0.0,0.1111111111111111,3.0,0.0,0.1111111111111111,1.2370278676118367,0.0,0.7777777777777778,4681.0,3.6666666666666665,48.333333333333336,20.333333333333332,,,,20.06968475768166
openai/gpt-5-mini,GPT-5 Mini (minimal),15.74798172845062,24091.333333333336,1.3333333333333333,39.33333333333333,155.66666666666666,16.769639437187603,0.5908419497784342,6.025428413488114,39.37007874015749,2.8774913514253977,0.7034376622485833,511.0,1.0,3.0,0.0,0.1111111111111111,3.0,0.0,0.1111111111111111,1.2113168801013432,1.3333333333333333,1.0,4730.333333333333,1.3333333333333333,39.333333333333336,19.333333333333332,,,,22.992646766465292
openai/gpt-5-nano,GPT-5 Nano,11.52929510172359,18141.8,3.6,30.800000000000004,147.2,11.478123721487316,1.5952732644017726,4.61028192371476,37.14785651793526,2.5239770088091236,0.7833037490521811,305.6,1.0,3.0000000000000004,0.0,0.1111111111111111,3.0,0.0,0.1111111111111111,0.9549163494123453,0.0,0.8888888888888888,4401.6,3.6,30.8,22.2,,,,27.046176747736936
openai/gpt-5-nano,GPT-5 Nano (high),13.9883839500608,21211.66666666667,3.3333333333333335,37.33333333333334,165.66666666666663,14.20846353163004,1.4771048744460857,5.693753454947487,41.99475065616798,2.7218520841817937,0.7880605899574851,383.3333333333333,1.0,3.0,0.0,0.1111111111111111,3.0,0.0,0.1111111111111111,1.013266772914817,0.0,0.8888888888888888,4745.0,3.3333333333333335,37.333333333333336,27.0,1338.0,1321.0,17.0,24.52703924194833
openai/gpt-5-nano,GPT-5 Nano (low),11.998684329003073,18710.333333333336,4.666666666666668,36.333333333333336,145.0,11.98377734164231,2.0679468242245207,5.52791597567717,36.570428696412954,2.563700681393216,0.776124723014462,282.6666666666667,1.0,3.0,0.0,0.1111111111111111,3.0,0.0,0.1111111111111111,1.0502929776411356,0.0,0.8888888888888888,4172.666666666667,4.666666666666667,36.333333333333336,19.0,,,,25.2987613627597
openai/gpt-5-nano,GPT-5 Nano (minimal),14.281726278508092,22140.333333333336,6.0,30.333333333333332,141.66666666666669,15.034419785002346,2.658788774002954,4.532891100055279,35.695538057742795,2.7747376482062194,0.5290042300519598,740.0,1.0,3.0,0.0,0.1111111111111111,2.9999999999999996,0.0,0.1111111111111111,0.8191885596086971,2.6666666666666665,1.0,4389.0,6.0,30.333333333333332,21.333333333333332,,,,29.01270118022332
openai/gpt-5.1,GPT-5.1 (Non-reasoning),17.91100307694551,22032.666666666668,45.0,162.0,169.0,14.938661037752073,19.940915805022158,26.368159203980102,42.869641294838154,2.7687476696928353,0.8805611096120177,609.6666666666666,1.0,1.5195028426721977,0.0,0.4444444444444444,1.2745194634942962,0.0,0.8888888888888888,1.2417156591140348,3.0,1.0,5945.666666666667,15.333333333333334,55.333333333333336,17.0,1439.0,1422.0,17.0,17.528781276962846
openai/gpt-5.1,GPT-5.1 (high),20.383325292680112,24805.33333333333,46.0,172.33333333333334,195.0,17.404671129478867,20.384047267355985,28.08181315644002,49.69378827646545,2.9126044981290344,0.89144579509079,447.6666666666667,1.0,1.4243693261635797,0.0,0.4444444444444444,1.1213423418246262,0.6666666666666666,1.0,1.0235395136948424,0.6666666666666666,1.0,7307.333333333333,20.666666666666668,63.666666666666664,30.666666666666668,1456.0,1443.0,13.0,9.203215704829592
openai/gpt-5.1,GPT-5.1 (medium),21.653453756201458,24847.333333333332,49.33333333333333,197.66666666666666,246.0,17.44202593490777,21.86115214180207,32.28302929795467,63.079615048118995,2.914632078411795,0.8866043337078401,362.6666666666667,1.0,1.3686185671409197,0.0,0.4444444444444444,1.1797287676379533,0.0,0.8888888888888888,1.240010650296801,2.3333333333333335,1.0,6403.0,19.333333333333332,63.666666666666664,24.0,,,,14.440007486007367
openai/gpt-5.1-chat,GPT-5.1 Chat,0.09447088602395658,5236.333333333333,0.0,10.666666666666668,5.666666666666667,0.0,0.0,1.2714206744057492,0.0,0.0,0.5859028537844821,154.0,1.0,0.0,0.0,0.0,2.151659515786594,0.0,0.3333333333333333,2.1899424081160332,0.0,0.2222222222222222,1187.3333333333333,0.0,7.666666666666667,0.0,,,,67.8348015650677
openai/gpt-5.1-codex,GPT-5.1 Codex,7.42373440842738,12886.0,13.666666666666666,68.33333333333333,57.0,6.803614522125311,6.056129985228951,10.834715312327251,13.473315835520564,2.0545870266312742,0.8433487929576763,284.3333333333333,1.0,1.6685494025841046,0.0,0.3333333333333333,1.473641097578894,0.0,0.7777777777777778,1.3663952616575967,0.0,0.6666666666666666,3205.3333333333335,7.0,25.0,8.333333333333334,,,,50.82376362411368
openai/gpt-5.1-codex-max,GPT-5.1 Codex Max,7.169487274126785,13343.333333333334,10.666666666666666,57.66666666666666,37.0,7.210366847906649,4.7267355982274735,9.065782200110558,8.223972003499563,2.105397605524136,1.138048056913221,169.33333333333334,1.0,3.0,0.0,0.1111111111111111,1.883060541664853,0.0,0.4444444444444444,1.3409055736655051,0.0,0.5555555555555556,5524.333333333333,10.666666666666666,36.666666666666664,8.666666666666666,,,,52.983993829295606
openai/gpt-5.1-codex-max,GPT-5.1 Codex Max (xhigh),6.063510976390351,12037.5,6.666666666666667,53.33333333333333,37.833333333333336,6.048958512448638,2.9542097488921715,8.347153123272525,8.442694663167106,1.952879877180524,0.801614741534341,254.66666666666666,1.0,3.0,0.0,0.1111111111111111,1.4707997664961059,0.0,0.4444444444444444,1.2290393628516072,0.0,0.5555555555555556,3377.6666666666665,6.666666666666667,25.0,5.333333333333333,,,,63.819528027579
openai/gpt-5.1-codex-mini,GPT-5.1 Codex Mini,7.264300347595217,12506.266666666666,13.0,75.39999999999999,59.733333333333334,6.465879646374509,5.760709010339735,12.006633499170812,14.190726159230099,2.010343260134025,0.8507595203281152,329.6666666666667,1.0,1.6153846153846152,0.0,0.3333333333333333,1.4763954084596063,0.0,0.6666666666666666,1.631227355413288,0.0,0.5555555555555556,2673.3333333333335,5.333333333333333,18.0,6.0,,,,50.39894122357025
openai/gpt-5.2,GPT-5.2 (Non-reasoning),12.727967866875137,16458.333333333332,33.333333333333336,172.0,105.0,9.980848250549947,14.771048744460858,28.026533996683252,26.071741032370955,2.3961526872458836,0.7061242058024843,486.3333333333333,1.0,1.3268854509715597,0.0,0.4444444444444444,0.925323164281468,1.0,1.0,1.2614374696337183,1.3333333333333333,1.0,3814.3333333333335,9.333333333333334,30.0,7.333333333333333,1441.0,1417.0,24.0,26.04315219207485
openai/gpt-5.2,GPT-5.2 (high),13.40270408691567,17567.333333333332,33.66666666666667,171.0,99.33333333333333,10.967192993898715,14.918759231905469,27.860696517412936,24.58442694663167,2.482168988635961,0.7551529335905596,386.3333333333333,1.0,1.2988046203411154,0.0,0.4444444444444444,0.8246547166311788,2.6666666666666665,1.0,1.1363136579908366,0.0,0.8888888888888888,4407.666666666667,12.0,34.666666666666664,10.333333333333334,1443.0,1421.0,22.0,20.102596723796413
openai/gpt-5.2,GPT-5.2 (medium),13.908613978283212,18162.0,38.0,159.0,103.33333333333333,11.496089604098357,16.838995568685377,25.870646766169152,25.634295713035872,2.525415763694089,0.6997788862140939,551.3333333333334,1.0,1.2851700470605032,0.0,0.4444444444444444,0.7937993950174577,3.6666666666666665,1.0,1.0577977141979136,0.0,0.8888888888888888,4334.0,13.0,38.666666666666664,8.333333333333334,,,,18.550754861344718
openai/gpt-5.2,GPT-5.2 (xhigh),10.622843483933867,15199.0,28.0,136.0,68.0,8.860797021102503,12.40768094534712,22.056384742951906,16.360454943132112,2.288566999130885,0.8783653287720663,405.0,1.0,1.5368558879765413,0.0,0.4444444444444444,0.9437722705271209,0.6666666666666666,1.0,1.2616027251025417,0.0,0.7777777777777778,4280.0,14.0,38.0,8.0,,,,27.83723937923154
openai/gpt-5.2-chat,GPT-5.2 Chat,13.928796595048482,16373.666666666666,52.0,145.0,156.66666666666669,9.905545706272642,23.04283604135894,23.548922056384743,39.63254593175854,2.3892714402422235,0.5727474347701945,693.3333333333334,1.0,1.0999428441310166,0.0,0.6666666666666666,0.9017818271254142,1.6666666666666667,1.0,1.1863758051005684,2.6666666666666665,1.0,3225.6666666666665,11.0,29.666666666666668,12.333333333333334,,,,22.48729384919853
openai/gpt-5.3-codex,GPT-5.3 Codex,4.63222131758942,8594.25,15.0,79.75,54.0,2.9865315173759144,6.646971935007386,12.728026533996683,12.685914260717412,1.3829215589559798,0.805731871123802,312.25,1.0,1.668644659596524,0.0,0.4444444444444444,0.9211621548935566,2.5,1.0,1.0387459051931591,0.0,0.8888888888888888,2554.0,7.25,23.75,8.75,,,,59.52600836876279
openai/gpt-5.4,GPT-5.4 Thinking,18.29535733293395,20791.666666666668,61.66666666666667,217.66666666666669,158.66666666666669,13.834915477341053,27.326440177252586,35.599778883360976,40.157480314960644,2.6969835562099416,1.0867517886189402,375.0,1.0,1.3624034535324785,0.0,0.4444444444444444,1.1088976164709385,3.0,1.0,1.109982028437013,1.0,1.0,8075.0,24.666666666666668,83.33333333333333,23.333333333333332,,,,16.55551038828022
google/gemini-flash-1.5,Gemini 1.5 Flash,10.51797455412887,18451.0,0.0,72.0,45.0,11.753126241454348,0.0,11.442786069651742,10.323709536307964,2.545776436957138,0.5318329467657579,494.0,1.0,0.0,0.0,0.0,1.165922381636102,0.0,0.7777777777777778,1.4966629547095764,0.0,0.5555555555555556,2127.0,0.0,7.0,2.0,1310.0,1287.0,23.0,41.379502228026425
google/gemini-flash-1.5-8b,Gemini 1.5 Flash 8B,10.214568788220614,17584.0,3.0,79.0,50.0,10.982016329386376,1.329394387001477,12.603648424543948,11.636045494313214,2.4834068864872423,0.624067396880519,621.0,1.0,3.0,0.0,0.1111111111111111,1.1217004167905262,0.0,0.7777777777777778,1.4681621163890586,0.0,0.4444444444444444,2659.0,3.0,11.0,0.0,1259.0,1227.0,32.0,40.98810382946331
google/gemini-2.0-flash-001,Gemini 2.0 Flash,27.31312752068565,37462.0,2.6666666666666665,201.33333333333334,178.0,28.66151209880643,1.1816838995568684,32.89110005527916,45.2318460192476,3.389850316489406,0.5859102836079149,1849.6666666666667,1.0,3.0,0.0,0.1111111111111111,0.9275421218177379,0.0,0.8888888888888888,1.0956676630369127,0.0,0.8888888888888888,4808.666666666667,2.6666666666666665,22.0,7.666666666666667,1361.0,1355.0,6.0,21.541053485280077
google/gemini-2.0-flash-lite-001,Gemini 2.0 Flash Lite,24.186868228155074,33458.333333333336,6.666666666666666,188.33333333333331,152.66666666666669,25.100650447961204,2.954209748892171,30.735212824765064,38.58267716535435,3.2619602353959394,0.5051495602539059,1391.3333333333333,1.0,2.4,0.0,0.2222222222222222,0.7991944217184265,0.0,0.8888888888888888,1.0231296371895051,0.0,0.8888888888888888,4204.666666666667,5.333333333333333,17.0,5.0,1354.0,1330.0,24.0,7.061224534818294
google/gemini-2.0-flash-thinking-exp:free,Gemini 2.0 Flash Thinking Experimental,38.70835412141376,51947.0,1.0,272.0,221.0,41.54447297113007,0.4431314623338257,44.61028192371476,56.51793525809274,3.750549951661745,0.6010935933762264,1798.0,1.0,3.0,0.0,0.1111111111111111,0.9764923201426512,0.0,0.7777777777777778,1.2162964103719722,0.0,0.7777777777777778,6619.0,1.0,31.0,6.0,,,,1.8812230809090442
google/gemini-2.0-pro-exp-02-05:free,Gemini 2.0 Pro Experimental,33.120726387592455,45129.0,2.0,212.0,207.0,35.4805428898389,0.8862629246676514,34.660033167495854,52.84339457567805,3.596779046944051,0.5865993599555649,668.0,1.0,3.0,0.0,0.1111111111111111,0.7859826836037065,6.0,1.0,0.9460893542169105,4.0,1.0,4447.0,2.0,15.0,6.0,,,,3.6106777931487395
google/gemini-2.5-flash-lite-preview-06-17,Gemini 2.5 Flash Lite Preview (2025-06-17),29.58241725679602,39175.33333333333,28.333333333333332,205.33333333333331,175.0,30.18535098693767,12.55539143279173,33.554449972360416,44.44444444444445,3.439948464907139,0.5182183587176665,1858.0,1.0,2.6263898940242147,0.0,0.2222222222222222,0.9174670648375132,0.0,0.8888888888888888,0.9289230103639773,5.0,1.0,7424.333333333333,25.0,51.666666666666664,5.0,1375.0,1369.0,6.0,5.280043296880709
google/gemini-2.5-flash-lite-preview-06-17,Gemini 2.5 Flash Lite Preview (2025-06-17) Nonthinking,56.23208960234423,76615.66666666666,28.666666666666664,255.66666666666663,197.33333333333331,63.48478829312256,12.703101920236337,41.901603095632936,50.30621172353457,4.166429355570298,1.276012332140696,1707.3333333333333,1.0,1.6605530561039865,0.0,0.4444444444444444,0.6350152823243531,9.0,1.0,0.7826726455237415,7.666666666666667,1.0,7442.666666666667,16.0,38.666666666666664,7.666666666666667,,,,7.455304313034406
google/gemini-2.5-flash-lite-preview-09-2025,Gemini 2.5 Flash Lite Preview 09-2025,26.523409695134948,36285.666666666664,61.66666666666666,149.0,58.33333333333333,27.615281080087517,27.326440177252582,24.212271973466002,13.823272090988628,3.3539408786360796,0.4429862447844856,1356.0,1.0,0.8921129947069794,1.0,1.0,0.7613161433780387,4.333333333333333,1.0,0.9580464817661456,0.6666666666666666,1.0,5300.666666666667,14.0,32.0,0.6666666666666666,,,,6.029678602392046
google/gemini-2.5-flash-lite-preview-09-2025,Gemini 2.5 Flash Lite Preview 09-2025 Nonthinking,36.51164438968763,46716.0,68.33333333333334,267.6666666666667,129.0,36.892020894973705,30.280649926144758,43.89165284687673,32.37095363079616,3.6347405594481015,0.4245752760259729,1781.6666666666667,1.0,0.7612921480494443,0.0,0.8888888888888888,0.4907816981591909,7.666666666666667,1.0,0.5884456245990696,4.0,1.0,5601.0,17.666666666666668,47.333333333333336,4.0,1380.0,1379.0,1.0,0.2962464890308069
google/gemini-2.5-flash-preview:thinking,Gemini 2.5 Flash Preview (2025-04-17),30.11354493450963,42144.75,13.5,173.25,144.0,32.82635055409628,5.982274741506647,28.233830845771145,36.30796150481191,3.5212401009492313,0.5903637004651582,0.0,0.8888888888888888,3.0,0.0,0.1111111111111111,0.9154289727125927,0.0,0.7777777777777778,1.0230274106825352,0.0,0.8888888888888888,5610.0,12.0,26.0,2.0,,,,6.271679061499683
google/gemini-2.5-flash-preview-05-20:thinking,Gemini 2.5 Flash Preview (2025-05-20),35.64226722462353,46358.66666666667,32.33333333333333,236.0,213.0,36.57420858211832,14.327917282127029,38.640132669983416,54.418197725284344,3.626317873065083,0.5501656259245149,1216.0,1.0,1.6155908870556728,0.0,0.4444444444444444,0.7290229301155764,5.333333333333333,1.0,0.8732678323415896,5.333333333333333,1.0,8372.666666666666,17.0,44.333333333333336,5.666666666666667,1411.0,1418.0,-7.0,2.9789033240826717
google/gemini-2.5-flash-preview-09-2025,Gemini 2.5 Flash Preview 09-2025,33.33150188559859,43714.0,85.0,183.0,78.0,34.22204170693673,37.66617429837519,29.850746268656714,18.98512685914261,3.561672071488277,0.37998847795935237,1688.0,1.0,0.7507781430417404,3.0,1.0,0.6652991438591156,2.0,1.0,0.8240109725241751,2.0,1.0,6343.0,20.0,45.0,4.0,1405.0,1407.0,-2.0,-0.9177938726017588
google/gemini-2.5-flash-preview-09-2025,Gemini 2.5 Flash Preview 09-2025 Nonthinking,35.047361366100915,44619.0,71.0,230.0,150.0,35.02694882391656,31.462333825701627,37.64510779436153,37.8827646544182,3.584267236853143,0.41249243595777585,1810.0,1.0,0.8837958026768402,0.0,0.7777777777777778,0.48088705841284635,7.0,1.0,0.440908153700972,7.0,1.0,6145.0,20.0,41.0,12.0,,,,7.2446324887888425
google/gemini-2.5-flash-preview,Gemini 2.5 Flash Preview Nonthinking,52.81862301532738,71004.33333333333,22.333333333333332,248.0,249.0,58.494067701137844,9.896602658788774,40.6301824212272,63.867016622922144,4.085876605079075,1.0015524604051003,2355.6666666666665,1.0,1.5952179875215131,0.0,0.4444444444444444,0.5379665472716224,1.6666666666666667,1.0,0.8831210242679861,2.0,1.0,5925.333333333333,12.0,28.666666666666668,8.333333333333334,,,,1.8510406283955994
google/gemini-2.5-pro-exp-03-25:free,Gemini 2.5 Pro Preview (2025-03-25),31.69783549052064,42640.0,16.0,208.0,190.0,33.26682596811204,7.0901033973412115,33.99668325041459,48.3814523184602,3.534177713217014,0.416975873281496,1498.0,1.0,3.0,0.0,0.1111111111111111,0.8491261170885592,0.0,0.8888888888888888,0.8297740239052572,4.0,1.0,5460.0,16.0,34.0,5.0,,,,4.219126670424906
google/gemini-2.5-pro-preview,Gemini 2.5 Pro Preview (2025-05-06),31.53543196012451,42783.0,9.0,201.0,198.0,33.39401018659615,3.9881831610044314,32.83582089552239,50.4811898512686,3.537882426735603,0.38599741872968,1373.0,1.0,3.0,0.0,0.1111111111111111,0.7723069392832989,0.0,0.8888888888888888,0.75,3.0,1.0,5112.0,9.0,40.0,10.0,,,,4.805974229350571
google/gemini-2.5-pro-preview,Gemini 2.5 Pro Preview (2025-06-05),34.804619707614165,44988.33333333334,54.66666666666667,229.0,163.66666666666666,35.355433938323074,24.22451994091581,37.47927031509121,41.469816272965886,3.5933436821695026,0.45051343170358843,567.0,1.0,0.8045661812652164,0.0,0.8888888888888888,0.5931113294981621,3.0,1.0,0.7500793259885563,2.3333333333333335,1.0,5589.0,15.333333333333334,26.0,4.0,1449.0,1462.0,-13.0,-5.131168844074757
google/gemini-2.5-pro-preview,Gemini 2.5 Pro Preview (2025-06-05) Limited,33.85041775948388,43544.66666666667,52.66666666666666,220.0,178.66666666666669,34.07143661838213,23.33825701624815,35.98673300165838,45.40682414698164,3.55738702762394,0.47131577844223,479.0,1.0,0.8318752933976475,0.0,0.7777777777777778,0.5813874470921812,4.0,1.0,0.8028205327518568,3.3333333333333335,1.0,5100.666666666667,15.0,24.333333333333332,4.0,,,,-7.309271135599218
google/gemini-3-flash-preview,Gemini 3.0 Flash Preview (2025-12-17),21.84075449093378,29050.933333333334,51.6,156.33333333333334,98.2,21.180708318262944,22.86558345642541,25.42841348811498,24.286964129483817,3.099222916410639,0.30703637050232563,1345.0,1.0,0.5628135205827808,0.6,1.0,0.49601409056755835,5.666666666666667,1.0,0.7555713072229878,1.3333333333333333,1.0,3521.3333333333335,10.333333333333334,25.333333333333332,5.0,1474.0,1467.0,7.0,5.446625597005207
google/gemini-3-flash-preview,Gemini 3.0 Flash Preview (2025-12-17) ,21.4818535358853,28475.0,48.33333333333333,158.66666666666666,107.66666666666666,20.66847313715143,21.418020679468242,25.81536760641238,26.77165354330709,3.075858353312814,0.3122820953102778,1097.0,1.0,0.6225833182068032,0.0,0.8888888888888888,0.5605258947208749,7.333333333333333,1.0,0.7607174035050571,4.0,1.0,3322.0,9.666666666666666,24.0,5.333333333333333,,,,9.130509166003261
google/gemini-3-flash-preview,Gemini 3.0 Flash Preview (2025-12-17) (Low),20.784090053165443,28012.333333333336,47.0,145.33333333333331,97.33333333333333,20.256977344014047,20.82717872968981,23.60420121614151,24.059492563429572,3.056685187077467,0.29788825800554114,1407.6666666666667,1.0,0.6918984060216639,1.0,1.0,0.49099714059388827,7.333333333333333,1.0,0.7221988905890289,2.0,1.0,3066.3333333333335,11.0,20.333333333333332,3.3333333333333335,,,,10.848785077256318
google/gemini-3-flash-preview,Gemini 3.0 Flash Preview (2025-12-17) (Minimal),20.881460527785574,27896.0,48.0,153.33333333333334,99.66666666666667,20.15351046231019,21.270310192023633,24.930901050304037,24.67191601049869,3.0518058710246923,0.22843364826230353,1467.0,1.0,0.5519850541454905,0.0,0.8888888888888888,0.4549117573709531,7.333333333333333,1.0,0.7168648815797153,3.3333333333333335,1.0,3131.0,9.0,20.0,4.666666666666667,1463.0,1449.0,14.0,10.62459505236168
google/gemini-3-pro-preview,Gemini 3.0 Pro Preview (2025-11-18),22.86939311841452,29570.800000000003,44.0,188.0,137.4,21.64307779879398,19.49778434268833,30.679933665008292,34.57567804024498,3.1198541892716865,0.43444726401506656,843.3333333333334,1.0,0.9839229333860324,0.0,0.6666666666666666,0.5653644810018152,5.0,1.0,0.7313791279272108,3.0,1.0,3663.3333333333335,14.666666666666666,28.0,3.0,1486.0,1479.0,7.0,4.611316453528704
google/gemini-3-pro-preview,Gemini 3.0 Pro Preview (2025-11-18) ,22.431896051777873,29406.0,42.66666666666667,194.33333333333337,115.0,21.496504657492014,18.9069423929099,31.730237700386958,28.696412948381457,3.1133599485866275,0.4257369116589049,862.0,1.0,1.1319972820990727,0.0,0.6666666666666666,0.5298297725359064,6.0,1.0,0.7326441740861017,3.3333333333333335,1.0,4270.0,16.666666666666668,31.666666666666668,3.3333333333333335,,,,6.412147333586399
google/gemini-3-pro-preview,Gemini 3.0 Pro Preview (2025-11-18) (Low),28.96696570866252,37869.66666666667,45.333333333333336,192.33333333333334,156.66666666666669,29.024090884834546,20.088626292466767,31.398562741846327,39.63254593175854,3.402000088900965,0.6813178468716893,1139.0,1.0,0.8181861188546926,0.0,0.8888888888888888,0.6371537769382846,5.0,1.0,0.840416778839417,3.6666666666666665,1.0,3350.0,13.333333333333334,19.666666666666668,3.6666666666666665,,,,7.891585426431593
google/gemini-3.1-flash-lite-preview,Gemini 3.1 Flash Lite Preview (2026-03-03),20.82776152494269,28838.0,44.0,131.66666666666666,82.66666666666667,20.991325384072624,19.49778434268833,21.33775566611387,20.209973753280845,3.0906480748773735,0.34719730754654654,979.6666666666666,1.0,0.825253529789332,0.0,0.8888888888888888,0.465759145350177,5.333333333333333,1.0,0.6451392385344225,0.0,0.8888888888888888,3262.3333333333335,13.0,20.666666666666668,2.6666666666666665,1437.0,1425.0,12.0,9.312019041842696
google/gemini-3.1-pro-preview,Gemini 3.1 Pro Preview (2026-02-19),22.750114361733676,31788.333333333332,38.333333333333336,149.33333333333331,77.66666666666667,23.61535223209786,16.98670605612999,24.267551133222774,18.897637795275593,3.2033703227603456,0.4217619131510268,749.6666666666666,1.0,0.9462591755017081,0.0,0.6666666666666666,0.5770887966277285,4.333333333333333,1.0,0.852074560126654,0.0,0.8888888888888888,4518.0,12.333333333333334,23.333333333333332,2.3333333333333335,1492.0,1488.0,4.0,5.20597263291322
google/gemma-2-9b-it,Gemma 2 9B IT,10.400952705332234,16605.333333333332,3.0,114.33333333333331,77.33333333333333,10.111590069551092,1.329394387001477,18.463239358761744,18.810148731408574,2.407988713982422,0.34975506330115125,449.0,1.0,1.5,0.0,0.4444444444444444,0.5432254421057287,4.333333333333333,1.0,0.6062090480425513,3.0,1.0,1975.6666666666667,0.3333333333333333,11.0,3.0,1266.0,1208.0,58.0,34.0617366508482
google/gemma-3-12b-it,Gemma 3 12B,34.78202089532377,46521.333333333336,4.0,250.33333333333334,216.66666666666666,36.718884336477856,1.7725258493353029,41.0171365395246,55.38057742782153,3.6301608798219442,0.3525856235284475,1661.0,1.0,3.0,0.0,0.1111111111111111,0.5877704666787746,0.0,0.8888888888888888,0.7992714878203798,0.0,0.8888888888888888,5231.333333333333,4.0,27.0,7.0,1342.0,1335.0,7.0,-11.39830876447979
google/gemma-3-27b-it,Gemma 3 27B,30.84732275702595,41318.333333333336,6.666666666666666,252.66666666666666,183.66666666666663,32.09133546394076,2.954209748892171,41.404090657822,46.71916010498688,3.499271479654669,0.40673915130294463,1689.0,1.0,1.6652702483380888,0.0,0.3333333333333333,0.7309293504953233,0.0,0.8888888888888888,0.9861349866606994,0.0,0.8888888888888888,5224.0,3.0,37.666666666666664,6.0,1366.0,1358.0,8.0,7.73529505814308
google/gemma-3-4b-it,Gemma 3 4B,25.278397044722674,35468.333333333336,1.3333333333333333,191.0,146.66666666666669,26.88834470777277,0.5908419497784342,31.17744610281924,37.007874015748044,3.328208849134895,0.2489724742774311,2729.6666666666665,1.0,3.0,0.0,0.1111111111111111,0.7340726773622557,0.0,0.8888888888888888,0.8675985665774654,0.0,0.8888888888888888,3947.6666666666665,1.3333333333333333,9.333333333333334,1.3333333333333333,1304.0,1291.0,13.0,20.164277548829304
google/gemma-3n-e4b-it,Gemma 3n 4B,29.905320940863565,40878.0,2.0,219.33333333333334,181.66666666666669,31.69970294035683,0.8862629246676514,35.876174682144836,46.19422572178479,3.487365993469187,0.4219183330136503,1187.3333333333333,1.0,3.0,0.0,0.1111111111111111,0.7598404245820194,1.6666666666666667,1.0,0.8382710934169284,1.3333333333333333,1.0,5068.0,2.0,13.0,7.333333333333333,1320.0,1308.0,12.0,17.60801936771884
x-ai/grok-2-1212,Grok 2,14.096343889019264,21066.0,16.0,89.0,103.0,14.078907579467902,7.0901033973412115,14.262023217247096,25.546806649168857,2.7132969182759377,0.2148384890825566,1377.0,1.0,1.560310966602491,0.0,0.3333333333333333,0.7014152375287015,0.0,0.8888888888888888,0.6149356989529343,0.0,0.8888888888888888,2242.0,4.0,13.0,0.0,1336.0,1305.0,31.0,32.493873435628416
x-ai/grok-3-beta,Grok 3 Beta,37.898348908904836,49893.66666666667,46.0,185.66666666666666,204.66666666666666,39.7182380390506,20.384047267355985,30.292979546710892,52.23097112860893,3.706676101145247,0.4880197900954689,2571.6666666666665,1.0,0.8484529455168058,0.0,0.8888888888888888,0.7739594381932758,1.3333333333333333,1.0,0.7990541556330303,4.0,1.0,5969.666666666667,12.333333333333334,44.666666666666664,4.0,1412.0,1425.0,-13.0,1.1422967566803837
x-ai/grok-3-mini-beta,Grok 3 Mini Beta,22.308325013138415,32145.333333333336,29.0,92.0,104.66666666666667,23.932868078243498,12.850812407680944,14.759535655058043,25.98425196850394,3.2161869361747266,0.6192830922882093,748.0,1.0,0.8340266636170912,0.0,0.6666666666666666,1.1254724905710207,0.0,0.7777777777777778,1.0695197377661518,0.6666666666666666,1.0,5440.0,6.666666666666667,6.0,2.3333333333333335,1358.0,1363.0,-5.0,10.552986147121684
x-ai/grok-3-mini-beta,Grok 3 Mini Beta (High),21.809251090111395,31423.333333333332,33.333333333333336,91.33333333333334,93.0,23.290721184918148,14.771048744460858,14.648977335544503,22.92213473315836,3.190094433183375,0.6940470339511737,732.3333333333334,1.0,0.9614052215377238,0.0,0.7777777777777778,1.0695516848891697,0.0,0.7777777777777778,1.2207024469951289,0.0,0.7777777777777778,5943.333333333333,9.666666666666666,13.333333333333334,2.0,1363.0,1368.0,-5.0,9.989541754951595
x-ai/grok-4,Grok 4,17.05442319768472,25023.333333333336,23.333333333333332,95.66666666666667,93.33333333333333,17.59856035765744,10.3397341211226,15.367606412382532,23.009623797025373,2.923084177597667,0.773724382962711,1.0,1.0,0.9723472546747223,0.0,0.6666666666666666,1.0603575206526374,0.0,0.6666666666666666,1.1624259357578222,0.0,0.7777777777777778,4509.333333333333,6.333333333333333,21.0,1.3333333333333333,1410.0,1410.0,0.0,17.161287470127505
x-ai/grok-code-fast-1,Grok 4 Code Fast 1,15.354956909203805,22896.0,29.666666666666664,86.0,68.0,15.706509816012762,13.146233382570163,13.764510779436154,16.360454943132112,2.8157984528088678,0.54965555760407,361.3333333333333,1.0,0.9260465304145723,0.0,0.6666666666666666,1.00982196461373,0.0,0.7777777777777778,1.1351188526707594,0.0,0.7777777777777778,4363.666666666667,8.666666666666666,26.666666666666668,1.3333333333333333,,,,24.161167206332998
x-ai/grok-4-fast:free,Grok 4 Fast,13.667898382638334,20671.0,27.0,76.66666666666666,72.33333333333333,13.727594528410405,11.964549483013293,12.216694306246543,17.497812773403325,2.6897229128898243,0.7622128294053188,291.6666666666667,1.0,1.1152699944380404,0.0,0.7777777777777778,1.264057065424771,0.0,0.5555555555555556,1.6551510971795538,0.0,0.4444444444444444,3954.3333333333335,9.0,11.666666666666666,0.0,1404.0,1398.0,6.0,26.47272093668539
x-ai/grok-4-fast:free,Grok 4 Fast (Non-Reasoning),13.723345420028268,20929.333333333336,24.333333333333332,77.66666666666667,71.0,13.95735622846911,10.782865583456424,12.38253178551686,17.14785651793526,2.7052032342331205,0.6673214719559107,530.3333333333334,1.0,0.9774862925150378,0.0,0.7777777777777778,1.1457599826539282,0.0,0.6666666666666666,1.2812644394413777,0.0,0.5555555555555556,3477.0,6.333333333333333,14.333333333333334,0.0,,,,29.229663973362555
x-ai/grok-4.1-fast,Grok 4.1 Fast,11.280612478801492,17033.0,23.0,101.66666666666669,70.33333333333334,10.491956858164398,10.192023633677993,16.362631288004426,16.97287839020123,2.4416473870345006,0.7274490816315838,220.66666666666666,1.0,1.1464171194291486,0.0,0.5555555555555556,1.0737542233781996,1.0,1.0,1.1916651424118485,0.0,0.7777777777777778,3473.3333333333335,7.333333333333333,27.0,4.666666666666667,1431.0,1408.0,23.0,23.671711637774987
x-ai/grok-4.1-fast,Grok 4.1 Fast (Non-Reasoning),17.12347445346089,24744.0,25.0,120.66666666666667,85.66666666666667,17.35012125488429,11.078286558345644,19.51354339414041,20.997375328083994,2.909636182374349,0.4344077915484383,536.3333333333334,1.0,0.909945053286186,0.0,0.7777777777777778,0.5875217196055061,2.3333333333333335,1.0,0.6982213535025128,2.0,1.0,3287.0,5.666666666666667,18.666666666666668,3.6666666666666665,,,,14.527574403083719
x-ai/grok-4.20-beta,Grok 4.2 beta,13.789545494982267,20437.216666666667,20.5,96.31666666666666,92.81666666666666,13.519667601525025,9.084194977843426,15.475400773908236,22.8740157480315,2.6755041166776596,0.5107469106639106,240.33333333333334,1.0,1.2335020732304791,0.0,0.5555555555555556,1.0335776437522621,1.0,1.0,1.0688122589136617,0.0,0.7777777777777778,3078.3333333333335,6.666666666666667,26.0,4.0,,,,27.170704531841118
prime-intellect/intellect-3,Intellect-3,23.585796500216613,30678.0,26.0,215.0,162.66666666666669,22.627821621910076,11.52141802067947,35.1575456053068,41.20734908136484,3.1624248999798095,0.4645872002773413,1277.6666666666667,1.0,1.5831257000783359,0.0,0.5555555555555556,0.9062250910397871,2.0,1.0,0.8713421017318459,2.3333333333333335,1.0,3939.3333333333335,13.666666666666666,47.0,2.3333333333333335,1356.0,1356.0,0.0,1.4556237433178554
moonshotai/kimi-k2:free,Kimi K2,18.219087709501338,27237.666666666668,18.666666666666664,84.33333333333333,92.33333333333334,19.567988710547695,8.27178729689808,13.488114980652293,22.747156605424326,3.023735921079137,0.6435713501994175,654.6666666666666,1.0,1.4899214984114337,0.0,0.5555555555555556,1.0894097360916528,0.0,0.7777777777777778,1.0785557295062433,0.0,0.8888888888888888,3829.3333333333335,9.0,20.0,2.6666666666666665,1417.0,1371.0,46.0,30.902524842683047
moonshotai/kimi-k2-0905,Kimi K2 0905,18.823553783781566,26533.333333333336,17.333333333333336,171.33333333333334,97.0,18.941554552839264,7.680945347119647,27.91597567716971,23.972003499562557,2.992805723021393,0.8862114127665015,557.6666666666666,1.0,1.2974357390797513,0.0,0.4444444444444444,1.5647575819207604,0.0,0.7777777777777778,0.7165319281362739,0.0,0.8888888888888888,3691.3333333333335,5.0,19.666666666666668,8.0,1418.0,1379.0,39.0,29.596550466978943
moonshotai/kimi-k2-thinking,Kimi K2 Thinking,16.31128876245082,21678.0,40.666666666666664,158.33333333333337,96.0,14.623220458574709,18.020679468242246,25.760088446655615,23.709536307961507,2.748758298485214,0.5794243327596456,1045.6666666666667,1.0,1.6425787762784985,0.0,0.5555555555555556,0.8048605804837384,1.6666666666666667,1.0,1.0145426925467453,2.0,1.0,5444.0,23.0,33.0,4.333333333333333,1430.0,1413.0,17.0,13.496320413383579
moonshotai/kimi-k2.5,Kimi K2.5,16.386844648871314,22779.666666666668,26.666666666666668,157.33333333333331,91.33333333333334,15.603042934308908,11.816838995568686,25.59425096738529,22.48468941382328,2.8095859878591187,0.4943189606707929,1138.0,1.0,1.3999860490376324,0.0,0.4444444444444444,0.6688769371188396,4.333333333333333,1.0,0.9829501139568503,2.0,1.0,4895.333333333333,11.333333333333334,33.0,4.0,1452.0,1449.0,3.0,19.531055500893522
moonshotai/kimi-k2.5,Kimi K2.5 (Non-Reasoning),18.682512351344965,25318.666666666664,49.0,148.66666666666669,72.66666666666666,17.86122986249874,21.71344165435746,24.156992813709234,17.58530183727034,2.9371084851799005,0.8229427347591532,1052.3333333333333,1.0,0.9895855025659965,0.0,0.8888888888888888,0.7546458692011976,4.0,1.0,0.6233048723473356,0.0,0.8888888888888888,6117.666666666667,18.333333333333332,42.666666666666664,0.0,1438.0,1428.0,10.0,16.75092161634281
google/learnlm-1.5-pro-experimental:free,LearnLM 1.5 Pro Experimental,13.795071214561037,22043.0,0.0,103.0,73.0,14.94785150575442,0.0,16.58374792703151,17.672790901137358,2.769324118324168,0.3914648819158239,516.0,1.0,0.0,0.0,0.0,0.5879600748986314,3.0,1.0,0.7783848051318826,0.0,0.8888888888888888,2575.0,0.0,12.0,0.0,,,,33.81567616826794
meta-llama/llama-3-70b-instruct,Llama 3 70B Instruct,11.5274973389241,19434.333333333336,0.0,80.0,60.33333333333333,12.62770303522618,0.0,12.769485903814262,14.348206474190729,2.612104708779538,0.3864847953243583,235.0,1.0,0.0,0.0,0.0,1.087661625920488,0.0,0.6666666666666666,0.926065574452124,0.0,0.7777777777777778,2690.6666666666665,0.0,25.0,2.6666666666666665,1276.0,1222.0,54.0,44.11657973195656
meta-llama/llama-3-8b-instruct,Llama 3 8B Instruct,12.909727829525304,21156.333333333332,8.666666666666668,54.333333333333336,70.0,14.15925005781101,3.8404726735598236,8.51299060254284,16.88538932633421,2.7186109105084966,0.4299997996336802,458.3333333333333,1.0,1.673076923076923,0.0,0.4444444444444444,1.165882281137265,0.0,0.5555555555555556,1.2762149073709796,0.0,0.6666666666666666,2324.0,1.3333333333333333,8.333333333333334,0.6666666666666666,1223.0,1166.0,57.0,34.664016538887374
meta-llama/llama-3.1-405b-instruct,Llama 3.1 405B Instruct Turbo,21.663420173125576,33592.0,10.666666666666668,81.33333333333334,57.666666666666664,25.21953359857222,4.726735598227475,12.990602542841351,13.648293963254595,3.2665046901747603,0.6251663361279113,1185.6666666666667,1.0,0.8213163500594639,0.0,0.6666666666666666,1.1023142692471923,0.0,0.7777777777777778,1.2113619779233433,0.0,0.8888888888888888,2604.3333333333335,1.0,15.333333333333334,1.0,1335.0,1284.0,51.0,32.59464523582541
meta-llama/llama-3.1-70b-instruct,Llama 3.1 70B Instruct Turbo,13.032990942371692,20819.0,16.0,73.66666666666666,57.33333333333333,13.85922574754081,7.0901033973412115,11.719181868435598,13.560804899387577,2.6986209348057386,0.2736739543177822,1388.6666666666667,1.0,1.390537216330437,0.0,0.5555555555555556,0.9994214251400517,0.0,0.7777777777777778,1.0908485912350343,0.0,0.7777777777777778,2426.0,1.3333333333333333,16.0,1.0,1294.0,1262.0,32.0,48.930320208966776
meta-llama/llama-3.1-8b-instruct,Llama 3.1 8B Instruct Turbo,14.364682282442665,22152.0,29.666666666666668,68.33333333333333,51.0,15.044796119843703,13.146233382570163,10.834715312327251,11.898512685914262,2.775384567709116,0.2794293263117455,1317.6666666666667,1.0,1.3580756230060635,0.0,0.5555555555555556,1.3232376064925637,0.0,0.4444444444444444,1.597467719294149,0.0,0.4444444444444444,2702.3333333333335,0.3333333333333333,13.333333333333334,1.0,1212.0,1187.0,25.0,42.44736187446169
nvidia/llama-3.1-nemotron-70b-instruct,Llama 3.1 Nemotron 70B Instruct,19.106820955941725,27032.666666666664,14.666666666666666,144.0,122.33333333333333,19.3856616840495,6.499261447562777,23.383084577114428,30.621172353455822,3.014831795104222,0.22711635552563736,1487.0,1.0,1.346914518077619,0.0,0.5555555555555556,0.5607612014039488,0.0,0.8888888888888888,0.8866384110199588,0.0,0.8888888888888888,2805.0,5.333333333333333,22.666666666666668,4.0,1299.0,1283.0,16.0,29.489855607276994
nvidia/llama-3.1-nemotron-ultra-253b-v1,Llama 3.1 Nemotron Ultra 253B,82.31873458385104,117671.66666666666,22.0,174.33333333333334,147.0,100.0,9.748892171344165,28.413488114980655,37.095363079615055,4.61512051684126,0.8311251332402895,3608.6666666666665,1.0,1.2682551298457914,0.0,0.5555555555555556,0.8954347910822348,2.6666666666666665,1.0,0.8717176789458589,5.666666666666667,1.0,5953.666666666667,7.666666666666667,39.333333333333336,5.666666666666667,1348.0,1320.0,28.0,-3.033814674968325
meta-llama/llama-3.2-1b-instruct,Llama 3.2 1B Instruct,11.460076118111848,18002.0,30.666666666666668,63.0,48.66666666666667,11.353785583416839,13.58936484490399,9.950248756218906,11.286089238845149,2.513962541077828,0.5906846622533287,126.33333333333333,1.0,1.2245639824320913,0.0,0.4444444444444444,1.5013221686128042,0.0,0.3333333333333333,1.5032686285933368,0.0,0.3333333333333333,150.0,0.0,0.0,0.0,1111.0,1055.0,56.0,49.307008830344
meta-llama/llama-3.2-3b-instruct,Llama 3.2 3B Instruct,13.90599124342015,21983.333333333332,24.666666666666664,57.33333333333333,51.333333333333336,14.894783964708601,10.930576070901035,9.010503040353786,11.98600174978128,2.765991002871132,0.18394668282888793,1812.0,1.0,1.598269357120659,0.0,0.3333333333333333,1.1119784525617395,0.0,0.5555555555555556,1.2795379987721764,0.0,0.5555555555555556,2858.0,0.0,10.333333333333334,1.0,1167.0,1110.0,57.0,45.14447228297464
meta-llama/llama-3.3-70b-instruct,Llama 3.3 70B Instruct Turbo,14.228492696005352,22224.333333333336,19.666666666666664,79.0,58.0,15.109129395860144,8.714918759231905,12.603648424543948,13.735783027121611,2.7793861545032863,0.21390363757774467,1519.3333333333333,1.0,1.2134338539439042,0.0,0.5555555555555556,1.0223233386814028,0.0,0.6666666666666666,0.9972837664478711,0.0,0.6666666666666666,2844.3333333333335,3.0,20.666666666666668,4.0,1319.0,1276.0,43.0,38.876624313696965
meta-llama/llama-4-maverick,Llama 4 Maverick 17B 128E Instruct,17.693206507141234,25725.666666666668,40.333333333333336,84.0,66.0,18.223215715107354,17.872968980797637,13.432835820895523,15.83552055993001,2.9561187004269174,0.23627564483462837,1668.3333333333333,1.0,0.7466886122169718,0.0,0.7777777777777778,1.1105937003904438,0.0,0.5555555555555556,1.2986404206510593,0.0,0.6666666666666666,2715.6666666666665,3.0,25.333333333333332,0.6666666666666666,1328.0,1289.0,39.0,32.30615122644291
meta-llama/llama-4-maverick-lmarena,Llama-4-Maverick-03-26-Experimental,31.390479342181735,42696.0,16.0,205.0,170.0,33.31663237535057,7.0901033973412115,33.499170812603644,43.1321084864392,3.535630145543914,0.32723675992541956,1500.0,1.0,1.3999860490376326,0.0,0.4444444444444444,0.8826404332704135,0.0,0.7777777777777778,1.0629332009206305,0.0,0.7777777777777778,4141.0,1.0,50.0,9.0,,,,29.827413195348832
meituan/longcat-flash-chat,LongCat Flash Chat,58.686301930769716,73852.0,33.0,598.6666666666666,193.33333333333331,61.02678280255911,14.62333825701625,98.78385848535102,49.256342957130364,4.127566272454733,1.1097566096701137,1820.6666666666667,1.0,0.5339700056577605,0.0,0.8888888888888888,1.1470387935068083,7.0,1.0,0.9887634153616675,0.0,0.8888888888888888,1987.3333333333333,5.333333333333333,25.333333333333332,3.0,1401.0,1422.0,-21.0,15.567051007805834
inception/mercury,Mercury,16.167702167590623,23711.333333333336,26.666666666666664,140.33333333333334,49.33333333333333,16.431667388069,11.816838995568684,22.77501381978994,11.46106736657918,2.858288516922708,0.8418073982813489,97.33333333333333,1.0,1.5254481923356165,0.0,0.6666666666666666,1.1110106940153264,0.6666666666666666,1.0,1.4818108283105729,0.0,0.8888888888888888,4505.666666666667,10.666666666666666,40.0,6.333333333333333,1309.0,1284.0,25.0,22.122657549489322
xiaomi/mimo-v2-flash:free,MiMo-V2-Flash (Reasoning),22.155529413110283,28480.75,40.6,200.45,139.0,20.673587187894675,17.991137370753325,32.74461028192371,34.99562554680666,3.076094338899499,0.5569629693214602,528.75,1.0,1.1968618726109261,0.0,0.8888888888888888,0.8758574644779525,0.25,1.0,1.0198977897196753,0.0,0.8888888888888888,4010.0,17.0,34.2,5.6,1387.0,1395.0,-8.0,-3.5444038374293916
minimax/minimax-m1,MiniMax M1,15.605580118360606,20745.333333333332,53.0,121.66666666666666,87.0,13.79370660468536,23.485967503692766,19.67938087341072,21.347331583552055,2.694201860921253,0.4589115660058553,1071.0,1.0,1.20341273351713,0.0,0.7777777777777778,0.9027916920208312,3.3333333333333335,1.0,0.8097943838494744,1.0,1.0,4483.333333333333,21.666666666666668,35.0,6.666666666666667,1367.0,1346.0,21.0,11.692459903618918
minimax/minimax-m2,MiniMax M2,27.28905769682465,36175.0,47.0,233.66666666666666,85.66666666666667,27.51685413244947,20.82717872968981,38.25317855168601,20.997375328083994,3.3504952855508625,0.7636640845059565,916.0,1.0,1.2730002558624975,0.0,0.7777777777777778,1.0353648725209228,3.3333333333333335,1.0,0.7706490662718655,3.0,1.0,8854.0,20.0,83.66666666666667,15.666666666666666,1348.0,1343.0,5.0,9.628885664909449
minimax/minimax-m2.1,MiniMax M2.1,26.036022509962752,37361.0,46.33333333333334,123.0,42.0,28.57168268575122,20.531757754800594,19.900497512437813,9.536307961504814,3.386817237411098,0.647338577390655,902.3333333333334,1.0,1.0600286711232545,0.0,0.7777777777777778,1.1189647420681637,0.0,0.8888888888888888,0.7354021529276429,0.0,0.7777777777777778,6349.666666666667,17.666666666666668,48.0,7.0,1386.0,1391.0,-5.0,6.773616690389687
minimax/minimax-m2.5,MiniMax M2.5,20.466375554373474,27775.666666666664,36.0,198.66666666666666,75.0,20.046485980089297,15.952732644017726,32.448866777224985,18.19772528433946,3.0467336093800297,0.753990142161539,744.3333333333334,1.0,1.2983697042402402,0.0,0.5555555555555556,1.0181419027336354,1.3333333333333333,1.0,0.782815431631237,2.3333333333333335,1.0,5625.333333333333,14.333333333333334,60.666666666666664,10.0,1404.0,1380.0,24.0,12.153217926041577
mistralai/mistral-7b-instruct,Mistral 7B Instruct,52.234447188525486,63200.66666666666,67.0,492.3333333333333,239.66666666666666,51.55348555910656,29.68980797636632,81.14980652294085,61.41732283464568,3.9618314235554215,0.5749017120792993,2637.6666666666665,1.0,0.8949625115510454,0.0,0.7777777777777778,0.9053436570704347,5.0,1.0,0.7483639045556666,4.0,1.0,7784.666666666667,20.333333333333332,45.0,4.0,1110.0,1024.0,86.0,2.657561085927988
mistralai/mistral-7b-instruct-v0.2,Mistral 7B Instruct v0.2,45.79117237276631,53595.0,73.66666666666667,450.0,264.3333333333333,43.0102043841497,32.64401772525849,74.12935323383084,67.8915135608049,3.7844215248510644,0.38002228168681423,2660.3333333333335,1.0,0.8111924616287058,0.0,0.8888888888888888,0.7787596976389228,7.333333333333333,1.0,0.7615766110913578,5.333333333333333,1.0,7816.0,18.333333333333332,83.66666666666667,6.333333333333333,1150.0,1090.0,60.0,-0.6931728893368114
mistralai/mistral-large-2411,Mistral Large,13.595866002592457,20134.0,16.333333333333332,95.33333333333334,106.0,13.249986658998061,7.23781388478582,15.312327252625762,26.334208223972006,2.656755970503559,0.33767523108133896,1057.6666666666667,1.0,1.218736483922105,0.0,0.5555555555555556,0.9421892967644316,0.0,0.8888888888888888,1.0218117848227752,0.0,0.7777777777777778,2469.6666666666665,4.0,11.333333333333334,0.0,,,,38.237542670190095
mistralai/mistral-large-2407,Mistral Large (2407),39.16664380634226,44028.33333333333,73.0,445.3333333333333,265.6666666666667,34.50160981423395,32.34859675036928,73.35544499723603,68.24146981627298,3.569578042333061,0.5358328439569577,2301.0,1.0,0.8063595974115856,1.0,1.0,1.2603027935862825,2.0,1.0,1.278719376134246,4.666666666666667,1.0,3771.6666666666665,7.333333333333333,32.333333333333336,4.666666666666667,1314.0,1267.0,47.0,-3.181130487859043
mistralai/mistral-large-2411,Mistral Large (2411),14.049096533782398,20389.666666666668,16.0,102.33333333333333,119.33333333333334,13.47737662537874,7.0901033973412115,16.473189607517966,29.833770778652674,2.6725871982634164,0.3141567292811366,1230.0,1.0,1.2647566465530038,0.0,0.5555555555555556,0.9250154814312226,0.0,0.8888888888888888,0.9444769798117573,0.0,0.7777777777777778,2192.6666666666665,2.3333333333333335,6.666666666666667,0.0,1306.0,1266.0,40.0,30.275996208150836
mistralai/mistral-large-2512,Mistral Large 3 (2025-12-1),45.6494591326229,50947.0,87.0,474.6666666666667,316.33333333333337,40.655072841870584,38.55243722304284,78.22001105583195,81.5398075240595,3.729423158119872,0.44250008296002025,2468.0,1.0,0.7951622453517383,1.0,1.0,1.1703418752409733,5.666666666666667,1.0,1.2468507721697695,2.0,1.0,5940.333333333333,15.0,40.666666666666664,2.0,1416.0,1432.0,-16.0,-7.3395506839617735
mistralai/mistral-medium-3,Mistral Medium 3,30.514387172907462,38468.0,55.666666666666664,232.66666666666669,169.66666666666669,29.556248628841463,24.66765140324963,38.087341072415704,43.0446194225722,3.4195692024715583,0.7307726539888065,1775.0,1.0,0.531536214090305,0.3333333333333333,1.0,0.7824828789396584,8.0,1.0,0.7731643588142165,4.0,1.0,3576.6666666666665,9.0,42.333333333333336,4.0,1386.0,1369.0,17.0,9.853700092290632
mistralai/mistral-medium-3.1,Mistral Medium 3.1 (2025-08-12),40.411166376776386,45326.33333333333,75.66666666666667,470.3333333333333,261.33333333333337,35.65605118201277,33.53028064992615,77.5013819789939,67.10411198600177,3.6015785219894307,0.34916577812633803,2374.0,1.0,0.5088105726872246,1.3333333333333333,1.0,0.7315908382349099,13.0,1.0,0.8395703781095675,8.333333333333334,1.0,5889.333333333333,13.0,82.33333333333333,8.333333333333334,1410.0,1427.0,-17.0,-4.3570741223779255
mistralai/mistral-small-3.1-24b-instruct,Mistral Small,14.864932783344434,21301.66666666667,23.666666666666664,126.0,91.66666666666667,14.288509543263391,10.487444608567207,20.398009950248756,22.57217847769029,2.7271015360047,0.36151330699232637,1070.6666666666667,1.0,1.5400814339668392,0.0,0.3333333333333333,0.9409281614388327,0.0,0.8888888888888888,0.967409423013616,0.0,0.7777777777777778,3493.3333333333335,9.666666666666666,33.0,0.0,1304.0,1279.0,25.0,32.577535857839095
nvidia/nemotron-3-nano-30b-a3b:free,Nemotron 3 Nano 30B A3B (Reasoning),36.82293332067206,47728.66666666667,63.0,294.66666666666663,97.33333333333334,37.79268675920381,27.91728212703102,48.36926478717523,24.059492563429576,3.6582317432760565,0.7147480972402609,734.0,1.0,1.0056529562829941,0.0,0.6666666666666666,0.9161874628854636,1.3333333333333333,1.0,0.883696031513009,1.6666666666666667,1.0,6293.666666666667,19.666666666666668,45.666666666666664,2.6666666666666665,1318.0,1351.0,-33.0,-10.167595392329453
nvidia/nemotron-3-super-120b-a12b:free,Nemotron 3 Super,28.75144430963808,37870.66666666667,36.666666666666664,226.0,139.66666666666669,29.02498028496381,16.24815361890694,36.981757877280266,35.17060367454069,3.4020297113451425,0.7041670974397937,430.0,1.0,0.8569236732744533,0.0,0.6666666666666666,0.9111069672157815,0.0,0.7777777777777778,1.0609712658687618,0.0,0.8888888888888888,4758.333333333333,9.666666666666666,38.333333333333336,4.0,1364.0,1384.0,-20.0,-9.236861285403123
amazon/nova-2-lite-v1,Nova 2 Lite,46.69844496663449,50293.0,98.0,535.6666666666666,334.3333333333333,40.07340515733488,43.42688330871492,88.33609729132117,86.26421697287839,3.7153608355939864,0.32766667550517237,1083.0,1.0,0.5217569555834484,0.0,0.8888888888888888,0.5114278133980068,5.333333333333333,1.0,0.6883603313424539,5.666666666666667,1.0,5087.666666666667,15.666666666666666,56.0,7.333333333333333,1338.0,1364.0,-26.0,-15.704136096853235
amazon/nova-lite-v1,Nova Lite,15.435037902915461,21481.0,30.666666666666664,119.33333333333334,106.66666666666666,14.44800863311059,13.589364844903987,19.292426755113322,26.509186351706038,2.7374801039757846,0.29962338932519667,1374.6666666666667,1.0,1.111927833367012,0.0,0.6666666666666666,0.9072752978164356,3.0,1.0,0.8567872972075683,1.3333333333333333,1.0,2972.6666666666665,7.333333333333333,22.666666666666668,1.3333333333333333,1261.0,1229.0,32.0,30.090765566472193
amazon/nova-micro-v1,Nova Micro,15.325639335024185,22159.33333333333,24.333333333333332,100.0,102.33333333333333,15.05131838745827,10.782865583456424,16.086235489220563,25.371828521434818,2.7757909887232772,0.2541492676439604,1565.6666666666667,1.0,1.0843787508459255,0.0,0.6666666666666666,0.8240449016892224,3.0,1.0,0.8047811220150298,1.3333333333333333,1.0,3035.6666666666665,7.333333333333333,14.666666666666666,1.3333333333333333,1241.0,1209.0,32.0,35.169966008046416
amazon/nova-pro-v1,Nova Pro,13.965629597157633,19955.666666666668,26.0,109.0,100.33333333333333,13.091376969280121,11.52141802067947,17.5787728026534,24.846894138232724,2.6455630478411187,0.4051349653188412,686.3333333333334,1.0,0.9532333639533637,0.0,0.6666666666666666,0.9302996576782883,0.0,0.8888888888888888,1.0254888909590945,0.0,0.8888888888888888,3466.3333333333335,3.0,26.0,1.6666666666666667,1290.0,1259.0,31.0,28.587611741588532
allenai/olmo-3.1-32b-instruct,OLMo 3.1 32B Instruct,32.9747690202245,43708.0,52.0,184.33333333333331,145.0,34.216705306161174,23.04283604135894,30.0718629076838,36.570428696412954,3.561520552586762,0.866052354386682,2476.6666666666665,1.0,0.9396056235520576,0.0,0.7777777777777778,0.6836465522423266,8.333333333333334,1.0,0.7169346160964971,2.6666666666666665,1.0,3911.3333333333335,15.0,10.666666666666666,2.6666666666666665,1331.0,1312.0,19.0,14.531098458565495
allenai/olmo-3-32b-think:free,Olmo 3 32B (Reasoning),22.45436045806334,28322.333333333332,34.666666666666664,221.0,165.33333333333334,20.53269138408448,15.36189069423929,36.152570480928695,41.907261592300976,3.069572309791442,0.34604173396401733,1403.0,1.0,0.5790824971120596,0.0,0.8888888888888888,0.6498137725738332,8.333333333333334,1.0,0.7486085557693498,1.6666666666666667,1.0,1952.6666666666667,3.6666666666666665,12.0,1.6666666666666667,1307.0,1300.0,7.0,6.539233669454555
allenai/olmo-3.1-32b-instruct,Olmo 3.1 32B (Reasoning),38.097563631831015,49790.66666666666,57.33333333333333,225.66666666666666,159.0,39.626629825736856,25.406203840472674,36.926478717523494,40.244969378827655,3.7044237586325335,0.9311888500490457,2356.0,1.0,0.8078519230549364,0.0,0.7777777777777778,0.680682958254971,8.333333333333334,1.0,0.6175463339265336,3.3333333333333335,1.0,4074.0,14.0,14.666666666666666,3.3333333333333335,1285.0,1271.0,14.0,11.164548223518432
openrouter/optimus-alpha,Optimus Alpha,18.297681254587086,22110.0,52.0,200.0,141.0,15.007441314414807,23.04283604135894,32.66998341625207,35.52055993000876,2.773053696273524,0.3971647026818888,904.0,1.0,0.8942307692307692,0.0,0.7777777777777778,0.5779381454792546,7.0,1.0,0.8149241703066195,4.0,1.0,2512.0,7.0,18.0,6.0,,,,24.522259096992762
microsoft/phi-4,Phi-4,14.152302551006402,21734.666666666668,12.0,81.0,94.33333333333334,14.673619799232748,5.317577548005908,12.935323383084576,23.272090988626427,2.7519790315566297,0.3231195313550927,1218.3333333333333,1.0,1.7897276329095444,0.0,0.3333333333333333,0.9057051304175913,0.0,0.8888888888888888,0.9825402708085639,1.6666666666666667,1.0,2907.3333333333335,5.333333333333333,7.0,2.3333333333333335,1256.0,1217.0,39.0,32.364338797172614
qwen/qwq-32b,QwQ 32B,21.468137174550773,26590.0,41.333333333333336,209.33333333333331,169.33333333333331,18.9919538934973,18.316100443131464,34.21779988944167,42.957130358705164,2.9953298872823577,0.4193716438249582,1162.6666666666667,1.0,0.9763228439023101,0.0,0.7777777777777778,0.9107305858529811,0.0,0.8888888888888888,1.0343753017471606,1.3333333333333333,1.0,3328.3333333333335,11.333333333333334,24.0,4.0,1336.0,1330.0,6.0,7.0907459265158135
qwen/qwen3-235b-a22b-07-25,Qwen 3 235B A22B (2025-07-21),56.27069878566209,68712.0,40.0,606.0,240.0,56.45526613816535,17.72525849335303,100.0,61.5048118985127,4.051006664813834,1.2914353315866003,1413.0,1.0,0.8937281465859739,0.0,0.7777777777777778,1.5184145632867767,2.0,1.0,1.0355025953613055,0.0,0.8888888888888888,3517.0,6.0,18.0,7.0,,,,7.850019303889306
qwen/qwen3-235b-a22b-07-25,Qwen 3 235B A22B Nonthinking (2025-07-21),54.64196980539217,67155.0,47.66666666666667,535.6666666666666,238.66666666666669,55.07047013690832,21.122599704579027,88.33609729132117,61.154855643044634,4.026609294921337,1.202453505778946,1770.0,1.0,0.7502750241502518,0.0,0.8888888888888888,1.2756051633088812,4.333333333333333,1.0,0.9740020593138929,2.6666666666666665,1.0,4291.0,12.333333333333334,30.666666666666668,4.666666666666667,1423.0,1419.0,4.0,14.921048323358772
qwen/qwen3-235b-a22b,Qwen 3 235B A22B Thinking,23.653352253742046,29123.333333333332,45.0,244.33333333333331,160.33333333333334,21.24510088762133,19.940915805022158,40.022111663902706,40.59492563429573,3.102121799542004,0.20374880300496556,2010.0,1.0,0.7,0.0,0.8888888888888888,0.5017274626157258,8.666666666666666,1.0,0.7765135385364816,1.0,1.0,3409.6666666666665,9.666666666666666,12.333333333333334,1.0,1375.0,1366.0,9.0,11.481659013190564
qwen/qwen3-235b-a22b-thinking-2507,Qwen 3 235B A22B Thinking (2025-07-21),34.07358095878111,41969.33333333333,52.333333333333336,327.33333333333337,178.33333333333331,32.67033494808867,23.190546528803544,53.78662244333887,45.319335083114616,3.516617181091684,0.3996749774238508,2276.0,1.0,0.4797091800241985,2.6666666666666665,1.0,0.6088231406044955,9.333333333333334,1.0,0.6917226442822328,3.6666666666666665,1.0,3846.6666666666665,11.333333333333334,29.666666666666668,3.6666666666666665,1400.0,1414.0,-14.0,-6.89493194134082
qwen/qwen3-30b-a3b:free,Qwen 3 30B A3B,22.88400092472692,27716.0,42.0,281.0,152.0,19.99341843904348,18.61152141802068,46.1028192371476,38.407699037620304,3.044208980936381,0.3504973268132263,1471.0,1.0,1.0387885408749276,0.0,0.6666666666666666,0.7147046952294083,6.0,1.0,1.076608102758477,3.0,1.0,2685.0,11.0,24.0,3.0,,,,10.982180398088168
qwen/qwen3-30b-a3b,Qwen 3 30B A3B Thinking,27.99934600652212,33660.666666666664,47.666666666666664,325.3333333333333,168.33333333333334,25.28060574078137,21.122599704579027,53.45494748479823,42.694663167104125,3.268831242847782,0.3766760666254741,1722.6666666666667,1.0,0.9294913811276526,0.0,0.8888888888888888,0.7130302866523645,5.0,1.0,1.014333603674443,2.6666666666666665,1.0,3952.3333333333335,9.666666666666666,29.333333333333332,2.6666666666666665,1329.0,1319.0,10.0,9.867349219214928
qwen/qwen3-32b,Qwen 3 32B Thinking,28.48542412751202,34168.333333333336,45.666666666666664,300.0,203.0,25.732124539735434,20.236336779911372,49.25373134328358,51.79352580927385,3.2858660084639264,0.36515605956918507,2169.3333333333335,1.0,0.6896072078540032,0.0,0.8888888888888888,0.6852189431123455,6.666666666666667,1.0,1.01455112478827,5.333333333333333,1.0,3128.6666666666665,6.333333333333333,22.0,6.0,1348.0,1341.0,7.0,6.632770933896269
qwen/qwen3-coder:free,Qwen 3 Coder 480B A35B Instruct,13.870391433388708,19985.666666666664,28.666666666666664,98.33333333333333,94.0,13.118058973157904,12.703101920236337,15.809839690436705,23.184601924759406,2.6474547561254784,0.4999051575562308,1048.6666666666667,1.0,1.0877066391396881,0.0,0.5555555555555556,0.7696632377664206,0.0,0.8888888888888888,0.6370999397131,0.0,0.8888888888888888,3853.3333333333335,9.666666666666666,23.0,2.3333333333333335,1387.0,1357.0,30.0,32.32069305714185
qwen/qwen-2.5-72b-instruct,Qwen2.5 72B Instruct Turbo,18.189169654698418,24899.0,30.666666666666668,121.33333333333333,131.66666666666666,17.48797827491951,13.58936484490399,19.624101713653953,33.07086614173229,2.917120697880493,0.3206917071847044,1262.6666666666667,1.0,1.334867137247029,0.0,0.5555555555555556,0.7700753311058788,1.3333333333333333,1.0,0.740632900575256,3.6666666666666665,1.0,3668.3333333333335,14.0,16.333333333333332,6.0,1303.0,1270.0,33.0,24.525374433016438
qwen/qwen-2.5-7b-instruct,Qwen2.5 7B Instruct Turbo,15.066678562261323,22529.666666666668,24.333333333333332,74.66666666666669,89.33333333333333,15.380692901994038,10.782865583456424,11.885019347705917,21.95975503062117,2.796103379239269,0.37932099418718934,1252.6666666666667,1.0,1.8964317462966584,0.0,0.4444444444444444,0.8361691756493553,0.0,0.8888888888888888,0.9156552200841076,0.0,0.8888888888888888,4108.0,15.666666666666666,9.666666666666666,0.0,,,,42.658351551757285
qwen/qwen-max,Qwen2.5 Max,21.21978139963577,28999.33333333333,34.0,146.0,117.0,21.134815271593148,15.066469719350076,23.71475953565506,29.22134733158355,3.097151720614749,0.3861359239290667,1383.3333333333333,1.0,0.6602924800189308,1.3333333333333333,1.0,0.8152123736250976,2.0,1.0,0.81023206714487,3.0,1.0,3912.0,6.666666666666667,26.0,3.6666666666666665,1375.0,1367.0,8.0,16.523427880620684
qwen/qwen3-max,Qwen3 Max,41.89108475910204,51307.33333333333,40.66666666666667,510.0,156.33333333333334,40.975553355113746,18.02067946824225,84.07960199004975,39.545056867891525,3.737087385845471,1.140067777922759,1428.0,1.0,1.0614437617916388,0.0,0.7777777777777778,1.3150085189246077,5.0,1.0,0.930824514602761,1.3333333333333333,1.0,3739.3333333333335,15.0,48.333333333333336,4.0,1425.0,1414.0,11.0,17.624218267030443
qwen/qwen3-next-80b-a3b-instruct,Qwen3 Next 80B A3B Instruct,54.75949330568974,69612.66666666666,57.66666666666667,470.0,162.0,57.25631918791838,25.553914327917287,77.44610281923715,41.0323709536308,4.064852570474618,1.2765787182446333,2418.3333333333335,1.0,0.7272907621564428,1.3333333333333333,1.0,1.1541062753072115,7.333333333333333,1.0,0.7380158213329324,0.0,0.8888888888888888,4575.333333333333,15.333333333333334,28.0,0.0,1402.0,1419.0,-17.0,-0.6119221548825516
qwen/qwen3-next-80b-a3b-thinking,Qwen3 Next 80B A3B Thinking,30.269771528604853,38071.333333333336,47.666666666666664,263.33333333333337,169.0,29.203453244235206,21.122599704579027,43.173023770038704,42.869641294838154,3.40795626367944,0.45349621898642356,1819.6666666666667,1.0,0.5517721816714998,1.0,1.0,0.736503298999801,4.0,1.0,0.8622725106178076,4.333333333333333,1.0,4370.333333333333,9.0,22.666666666666668,4.333333333333333,1369.0,1367.0,2.0,-5.206989827667394
qwen/qwen3.5-122b-a10b,Qwen3.5 122B A10B Thinking,25.666488330185214,33017.333333333336,37.33333333333334,218.33333333333334,159.66666666666666,24.70842499095777,16.543574593796166,35.71033720287452,40.41994750656169,3.246818758839557,0.47247106359592905,1236.0,1.0,1.2674483747486764,0.0,0.5555555555555556,0.6925237792158778,5.333333333333333,1.0,0.8450822385253606,3.3333333333333335,1.0,3974.0,15.0,29.0,3.3333333333333335,1419.0,1420.0,-1.0,1.7969172803788254
qwen/qwen3.5-27b,Qwen3.5 27B Thinking,24.548410073321016,31105.33333333333,42.333333333333336,226.33333333333334,152.0,23.007891943813625,18.759231905465292,37.03703703703704,38.407699037620304,3.1783826072871184,0.46487599733056517,1227.0,1.0,1.1764870455060423,0.0,0.5555555555555556,0.6654876739592787,5.333333333333333,1.0,0.9221034888681562,3.6666666666666665,1.0,4405.333333333333,14.0,38.333333333333336,4.333333333333333,1410.0,1410.0,0.0,-0.12845868517478742
qwen/qwen3.5-35b-a3b,Qwen3.5 35B A3B Thinking,31.923089451843897,40035.0,51.0,281.3333333333333,165.33333333333334,30.949938631391085,22.59970457902511,46.158098396904364,41.907261592300976,3.464170260051467,0.29226960674623387,1633.0,1.0,1.2823664327406845,0.0,0.5555555555555556,0.5367298578199051,6.0,1.0,0.6810749758460705,4.333333333333333,1.0,5421.666666666667,21.666666666666668,44.333333333333336,4.333333333333333,1398.0,1398.0,0.0,0.15014816945684484
qwen/qwen3.5-397b-a17b,Qwen3.5 397B A17B Nonthinking,66.28377525718274,85087.33333333334,46.666666666666664,300.6666666666667,386.66666666666663,71.01948972149918,20.6794682422452,49.36428966279713,100.0,4.276936772962349,1.5456609746949264,2550.0,1.0,0.8685182667001523,0.0,0.8888888888888888,0.8550389104536026,7.333333333333333,1.0,1.997390725091148,3.0,1.0,4626.0,15.333333333333334,33.0,7.0,,,,26.078699214504198
qwen/qwen3.5-397b-a17b,Qwen3.5 397B A17B Thinking,24.326834571558862,30622.0,48.66666666666667,226.33333333333334,141.66666666666666,22.578015214671545,21.565731166912855,37.03703703703704,35.69553805774279,3.160314719160742,0.5122486751894542,1115.3333333333333,1.0,0.9463773259963847,0.0,0.7777777777777778,0.7021006429919738,4.333333333333333,1.0,0.8845314283567686,3.6666666666666665,1.0,5202.666666666667,15.333333333333334,37.666666666666664,6.333333333333333,1450.0,1448.0,2.0,0.7186856922365883
qwen/qwen3.5-plus-02-15,Qwen3.5 Plus 2026-02-15 Nonthinking,61.91074151867328,80923.0,55.0,264.0,294.6666666666667,67.31573111655294,24.372230428360414,43.28358208955223,75.85301837270342,4.2241400638711175,1.633309644922448,2104.0,1.0,1.034567822094036,0.3333333333333333,1.0,0.7868036078688074,7.0,1.0,1.7514255119438331,3.0,1.0,5191.0,22.0,32.333333333333336,9.0,,,,2.1417714890824437
qwen/qwen3.5-plus-02-15,Qwen3.5 Plus 2026-02-15 Thinking,22.76666837042105,29190.666666666664,43.66666666666667,216.66666666666669,125.66666666666666,21.304987162991466,19.350073855243725,35.43394140409066,31.496062992125985,3.104810293058496,0.5105965201955918,1260.0,1.0,1.1393561309867863,0.0,0.6666666666666666,0.7014131973186568,4.666666666666667,1.0,0.8340456444357831,4.0,1.0,4642.333333333333,16.0,40.0,4.333333333333333,,,,1.9023979268553783
stepfun/step-3.5-flash,Step 3.5 Flash,22.93518647160641,29562.666666666664,36.66666666666667,246.33333333333334,115.66666666666666,21.635844011075996,16.248153618906947,40.35378662244334,28.871391076115486,3.119534668068867,0.79563079188979,528.6666666666666,1.0,1.226439110825313,0.0,0.5555555555555556,1.0696136606293252,0.3333333333333333,1.0,1.158332066417695,0.3333333333333333,1.0,4451.333333333333,14.333333333333334,46.333333333333336,6.0,1389.0,1400.0,-11.0,-1.4918461551615931
openai/chatgpt-4o-latest,chatgpt-4o-latest-2025-01-29,14.557962669056893,19110.0,41.0,144.0,107.0,12.33924092663635,18.168389955686852,23.383084577114428,26.596675415573056,2.5907101368172465,0.40541231205217915,336.0,1.0,0.7122410609975044,0.0,0.7777777777777778,0.7692833515681982,0.0,0.8888888888888888,0.7861724238958852,0.0,0.8888888888888888,2347.0,9.0,23.0,5.0,,,,26.86294692589302
google/gemini-2.0-flash-exp:free,gemini-2.0-flash-exp,31.220211666456088,41555.0,9.0,245.0,197.0,32.3018268278655,3.9881831610044314,40.13266998341625,50.21872265966755,3.505612255177321,0.516240762060452,1970.0,1.0,3.0,0.0,0.1111111111111111,0.8549753936703428,0.0,0.8888888888888888,1.1217211746559708,0.0,0.8888888888888888,5615.0,9.0,30.0,8.0,,,,5.94444620353837
google/gemini-2.0-flash-lite-preview-02-05:free,gemini-2.0-flash-lite-preview-02-05,26.574265655060675,36919.0,3.0,198.0,156.0,28.17856782861853,1.329394387001477,32.33830845771145,39.45756780402451,3.3734344613081926,0.6718611846144253,1417.0,1.0,2.121320343559643,0.0,0.2222222222222222,0.7905694150420949,0.0,0.8888888888888888,0.9845797018774622,0.0,0.8888888888888888,5403.0,1.0,29.0,11.0,,,,7.469243593511653
google/gemini-exp-1206:free,gemini-exp-1206,31.34707785666999,43256.0,0.0,208.0,184.0,33.814696447735884,0.0,33.99668325041459,46.8066491688539,3.5500396093484823,0.7160176002831283,7.0,1.0,0.0,0.0,0.0,0.885816492276005,0.0,0.8888888888888888,0.9635097077841659,0.0,0.8888888888888888,7.0,0.0,0.0,0.0,,,,14.760852448502964
google/gemma-2-27b-it,gemma-2-27b-it,9.893228022619326,16093.0,2.0,103.0,79.0,9.655920736660482,0.8862629246676514,16.58374792703151,19.247594050743658,2.366115675393912,0.38183428017153836,589.0,1.0,3.0,0.0,0.1111111111111111,0.5493593042871848,5.0,1.0,0.7422083652794453,3.0,1.0,1699.0,2.0,5.0,3.0,1288.0,1232.0,56.0,27.16823135232904
google/gemma-2-9b-it:free,gemma-2-9b-it,10.98877937357401,17234.0,4.0,114.0,85.0,10.670726284145555,1.7725258493353029,18.407960199004975,20.822397200349958,2.45708367950723,0.3529945524086446,549.0,1.0,1.6345871038277526,0.0,0.3333333333333333,0.48985553865753384,4.0,1.0,0.5243879279330691,3.0,1.0,2039.0,2.0,9.0,3.0,,,,46.03632066295158
google/learnlm-1.5-pro-experimental:free,learnlm-1.5-pro-experimental,15.47746447590169,24416.0,0.0,110.0,71.0,17.05839801248718,0.0,17.744610281923716,17.14785651793526,2.8936108404269305,0.390629508437161,619.0,1.0,0.0,0.0,0.0,0.6768912897813194,0.0,0.8888888888888888,0.8860655060074972,0.0,0.7777777777777778,2652.0,0.0,9.0,0.0,,,,31.086730467921633
meta-llama/llama-4-scout,llama-4-scout,15.582092591633085,23375.666666666668,36.0,69.66666666666667,57.0,16.133125411347564,15.952732644017726,11.05583195135434,13.473315835520564,2.8410137481949125,0.2901716297216209,1422.0,1.0,0.8965597829729172,0.0,0.6666666666666666,1.2522843758727444,0.0,0.5555555555555556,1.313682523615651,0.0,0.7777777777777778,3063.3333333333335,8.666666666666666,17.333333333333332,3.6666666666666665,1323.0,1281.0,42.0,41.0016943447841
mistralai/mistral-small-24b-instruct-2501,mistral-small-2501,11.550757301291549,18697.0,14.0,70.0,64.0,11.971918673252183,6.20384047267356,11.11111111111111,15.310586176727911,2.5627869190184023,0.2956948642543064,1247.0,1.0,1.984313483298443,0.0,0.3333333333333333,1.0558872852647072,0.0,0.8888888888888888,0.9152636338953112,0.0,0.7777777777777778,2474.0,4.0,4.0,0.0,,,,43.3427878212884
openai/o1,o1 Medium,11.145768092668748,20460.0,1.0,24.0,32.0,13.539931101136654,0.4431314623338257,3.482587064676617,6.911636045494314,2.676898733520326,0.8881160863012032,484.0,1.0,3.0,0.0,0.1111111111111111,3.0,0.0,0.1111111111111111,1.3786351096736946,0.0,0.5555555555555556,5406.0,1.0,24.0,6.0,1402.0,1367.0,35.0,32.187332525435906
openai/o1-mini-2024-09-12,o1-Mini,21.67174689652132,27161.0,29.0,207.0,193.0,19.499801367304467,12.850812407680944,33.83084577114428,49.16885389326335,3.020415196697638,0.6567078012766296,1074.0,1.0,1.5343858938818613,0.0,0.4444444444444444,0.7975624490367018,5.0,1.0,1.1259777892594307,4.0,1.0,3674.0,2.0,33.0,8.0,1337.0,1318.0,19.0,33.19639434026072
openai/o3,o3 High,14.490212646899094,24788.666666666668,1.3333333333333333,21.666666666666668,57.33333333333333,17.389847793991215,0.5908419497784342,3.095632946379215,13.560804899387577,2.9117987620181514,0.6664058691408039,896.6666666666666,1.0,3.0,0.0,0.1111111111111111,3.0,0.0,0.1111111111111111,1.0218385070837863,0.0,0.8888888888888888,4255.0,1.3333333333333333,21.666666666666668,10.333333333333334,,,,24.54555940612567
openai/o3,o3 Medium,13.763245873116837,23791.0,2.333333333333334,22.666666666666668,51.0,16.5025229317,1.0339734121122603,3.2614704256495304,11.898512685914262,2.8623450380640434,0.7050756024241527,588.0,1.0,3.0,0.0,0.1111111111111111,3.0,0.0,0.1111111111111111,0.9960996601103587,0.0,0.7777777777777778,3908.6666666666665,2.3333333333333335,22.666666666666668,9.333333333333334,1433.0,1410.0,23.0,25.483423808385417
openai/o3-mini-high,o3-Mini High,10.146686969716795,19110.0,4.666666666666668,20.0,20.333333333333332,12.33924092663635,2.0679468242245207,2.8192371475953566,3.849518810148731,2.5907101368172465,0.4327154366818208,933.6666666666666,1.0,3.0,0.0,0.1111111111111111,2.6292822214437157,0.0,0.2222222222222222,0.9752720663140301,0.0,0.7777777777777778,3206.0,4.666666666666667,17.666666666666668,3.0,1364.0,1337.0,27.0,37.79564055585126
openai/o3-mini,o3-Mini Medium,9.726313958504225,18737.333333333332,3.6666666666666665,14.666666666666666,16.666666666666664,12.007791145132314,1.6248153618906942,1.9347705914870093,2.887139107611548,2.5655484967980455,0.40804963506361597,941.3333333333334,1.0,3.0,0.0,0.1111111111111111,3.0,0.0,0.1111111111111111,1.3593012911051032,0.0,0.5555555555555556,2901.3333333333335,3.6666666666666665,14.666666666666666,2.0,1349.0,1320.0,29.0,36.14001434407611
openai/o4-mini-high,o4-Mini High,8.86798938631315,16850.0,1.3333333333333333,24.666666666666664,43.33333333333333,10.329196634509913,0.5908419497784342,3.59314538419016,9.88626421697288,2.4273831664809418,0.5889693225854424,524.6666666666666,1.0,3.0,0.0,0.1111111111111111,2.822157451452505,0.0,0.2222222222222222,1.3108728290587526,0.0,0.7777777777777778,2824.3333333333335,1.3333333333333333,23.333333333333332,19.333333333333332,,,,36.163827426516725
openai/o4-mini,o4-Mini Medium,9.195169169982943,17064.666666666668,3.0,24.333333333333332,50.66666666666667,10.52012119559095,1.329394387001477,3.5378662244333885,11.811023622047248,2.444095175663009,0.6415218948659749,440.6666666666667,1.0,3.0,0.0,0.1111111111111111,3.0,0.0,0.1111111111111111,1.0006598411690817,0.0,0.8888888888888888,3037.3333333333335,3.0,24.333333333333332,16.333333333333332,1391.0,1354.0,37.0,36.44702918019849
microsoft/phi-3-mini-128k-instruct,phi-3-mini-128k-instruct,11.312111474370877,20157.0,5.0,18.0,50.0,13.270442861971029,2.215657311669129,2.4875621890547266,11.636045494313214,2.6581904654830812,0.39119607855392213,1217.0,1.0,3.0,0.0,0.1111111111111111,2.462214450449026,0.0,0.3333333333333333,1.240927072796786,0.0,0.6666666666666666,2021.0,5.0,1.0,0.0,,,,45.56813136391351
openrouter/quasar-alpha,quasar-alpha,16.755929911990584,21216.0,43.0,182.0,120.0,14.212317598856828,19.054652880354507,29.684908789386398,30.008748906386707,2.722105468026928,0.278359828221916,1223.0,1.0,0.5415409777765124,0.0,0.8888888888888888,0.5438311544941853,1.0,1.0,0.7866066361276136,0.0,0.8888888888888888,2440.0,8.0,19.0,6.0,,,,28.55878719956669
qwen/qwen-2.5-coder-32b-instruct,qwen2.5-coder-32b-instruct,16.59982677854952,24359.0,22.0,97.0,96.0,17.007702205119386,9.748892171344165,15.58872305140962,23.709536307961507,2.890799566657356,0.5509566685987469,1049.0,1.0,1.4479609487451341,0.0,0.4444444444444444,1.1943311204937914,0.0,0.7777777777777778,1.1337549958544835,0.0,0.6666666666666666,3741.0,6.0,8.0,0.0,,,,30.200018857384244
